Title,Slug,Maps URL,Description,Tags,Priority,Route Hint,Featured,Needs Review,Published,Source,Lat,Lng,Phone,Hours,Address
Fort Amargosa | Punjabi Dhaba,fort-amargosa-punjabi-dhaba,https://www.google.com/maps/place/Fort+Amargosa+%7C+Punjabi+Dhaba/data=!4m2!3m1!1s0x80c79f00589e3f5f:0x3fce62c3d8de1db4,Dhaba with truck parking famous for their parathas and biryani. Indian food right by Death Valley NP,"Truck Parking, National Park, Death Valley, ",Medium,US-95 · NV,Yes,Yes,Yes,Google Maps,36.63359,-116.370218,(775) 990-9232,Monday: 9:00 AM – 8:30 PM | Tuesday: 9:00 AM – 8:30 PM | Wednesday: 9:00 AM – 8:30 PM | Thursday: 9:00 AM – 8:30 PM | Friday: 9:00 AM – 8:30 PM | Saturday: 9:00 AM – 8:30 PM | Sunday: 9:00 AM – 8:30 PM,"5317 US-95 E Highway 95, Amargosa Valley, NV 89020, USA"
Indian kitchen at Akal Travel Center,indian-kitchen-at-akal-travel-center,https://www.google.com/maps/place/Indian+kitchen+at+Akal+Travel+Center/data=!4m2!3m1!1s0x8767d7aacd1f7957:0xf4c1e9c3889ef5e,Simple Dhaba inside Akal Travel Center with a limited menu. ,"Truck Parking, gas, showers ",Medium,Near I-80 · WY,No,Yes,Yes,Google Maps,41.47372,-105.923083,(307) 745-8130,Monday: 8:30 AM – 7:30 PM | Tuesday: 8:30 AM – 7:30 PM | Wednesday: 8:30 AM – 7:30 PM | Thursday: 8:30 AM – 7:30 PM | Friday: 8:30 AM – 7:30 PM | Saturday: 8:30 AM – 7:30 PM | Sunday: 8:30 AM – 7:30 PM,"168 Hunt Rd, Laramie, WY 82070, USA"
The Dhaba On The Falls,the-dhaba-on-the-falls,https://www.google.com/maps/place/The+Dhaba+On+The+Falls/data=!4m2!3m1!1s0x89d3432af62e6257:0x33088348ebb43976,"“Every dish we tried was full of rich, traditional flavours — from the creamy paneer dishes to the perfectly cooked dal and fresh, soft naan.”","Truck Parking, New York",Medium,Near I-90 · ON,No,Yes,Yes,Google Maps,43.111212,-79.066422,(905) 938-8030,Monday: 12:00 PM – 12:00 AM | Tuesday: 12:00 PM – 12:00 AM | Wednesday: 12:00 PM – 12:00 AM | Thursday: 12:00 PM – 12:00 AM | Friday: 12:00 PM – 12:00 AM | Saturday: 12:00 PM – 2:00 AM | Sunday: 12:00 PM – 12:00 AM,"5039 Centre St, Niagara Falls, ON L2G 3N6, Canada"
Punjabi Dhaba,punjabi-dhaba,https://www.google.com/maps/place/Punjabi+Dhaba/data=!4m2!3m1!1s0x882b3bfe01544a5b:0x3d48bd2bda152c5b,Traditional vegetarian & meat dishes are offered at this unfussy Indian eatery with fruit shakes.,"Truck Parking, New York",Medium,,No,Yes,Yes,Google Maps,43.702202,-79.644936,(905) 956-3442,Monday: 9:00 AM – 10:00 PM | Tuesday: 9:00 AM – 12:00 AM | Wednesday: 9:00 AM – 12:00 AM | Thursday: 9:00 AM – 12:00 AM | Friday: 9:00 AM – 12:00 AM | Saturday: 9:00 AM – 12:00 AM | Sunday: 9:00 AM – 12:00 AM,"2855 Derry Rd E, Mississauga, ON L4T 1A6, Canada"
ZHILMIL PUNJABI DHABA WY,zhilmil-punjabi-dhaba-wy,https://www.google.com/maps/place/ZHILMIL+PUNJABI+DHABA+WY/data=!4m2!3m1!1s0x875b7f7e6d903163:0x3aed3b1e6760391c,Simple dhaba off I-80 in Wyoming.,"Truck Parking, I-80",Medium,I-80 · WY,No,Yes,Yes,Google Maps,41.725234,-108.100572,(227) 226-8106,Monday: 8:00 AM – 1:00 AM | Tuesday: 8:00 AM – 1:00 AM | Wednesday: 8:00 AM – 1:00 AM | Thursday: 8:00 AM – 1:00 AM | Friday: 8:00 AM – 1:00 AM | Saturday: 8:00 AM – 1:00 AM | Sunday: 8:00 AM – 1:00 AM,"16610 Red Desert Rd EXIT 165, Wamsutter, WY 82336, USA"
The Veggie Bite,the-veggie-bite,https://www.google.com/maps/place/The+Veggie+Bite/data=!4m2!3m1!1s0x87aa3dae8ed44b4d:0xe345f3a6487984d6,Dhaba with specialties like Rumali roti and Fish dry. ,"Truck Parking, I-40, bathrooms,",Medium,I-40 · TX,Yes,Yes,Yes,Google Maps,35.255951,-100.22165,(806) 216-1663,Monday: 7:00 AM – 1:00 AM | Tuesday: 7:00 AM – 1:00 AM | Wednesday: 7:00 AM – 1:00 AM | Thursday: 7:00 AM – 1:00 AM | Friday: 7:00 AM – 1:00 AM | Saturday: 7:00 AM – 1:00 AM | Sunday: 7:00 AM – 1:00 AM,"301 I-40 Suite 1, Shamrock, TX 79079, USA"
Highway40 pizza and Dhaba,highway40-pizza-and-dhaba,https://www.google.com/maps/place/Highway40+pizza+and+Dhaba/data=!4m2!3m1!1s0x87abcb420462f677:0x31ca43d172bb170c,Dhaba right off the highway specializes in Mango lassi and has pizzas on top of a regular Dhaba menu,"Truck Parking, I-40, bathrooms,",Medium,I-40 · TX,Yes,Yes,Yes,Google Maps,35.232872,-99.879991,(806) 256-5209,Monday: 7:00 AM – 11:00 PM | Tuesday: 7:00 AM – 11:00 PM | Wednesday: 7:00 AM – 11:00 PM | Thursday: 7:00 AM – 11:00 PM | Friday: 7:00 AM – 11:00 PM | Saturday: 7:00 AM – 11:00 PM | Sunday: 7:00 AM – 11:00 PM,"16421 I-40, Shamrock, TX 79079, USA"
Punjabi Dhaba / Indian kitchen,punjabi-dhaba-indian-kitchen,https://www.google.com/maps/place/Punjabi+Dhaba+%2F+Indian+kitchen/data=!4m2!3m1!1s0x86579f048c4681f3:0xdee74a8ca0947828,Take out only Dhaba inside an Indian grocery store,"Truck Parking, Bathrooms",Medium,US-83 · TX,No,Yes,Yes,Google Maps,31.565142,-99.955359,(325) 732-2042,Monday: 9:00 AM – 9:00 PM | Tuesday: 9:00 AM – 9:00 PM | Wednesday: 9:00 AM – 9:00 PM | Thursday: 9:00 AM – 9:00 PM | Friday: 9:00 AM – 9:00 PM | Saturday: 9:00 AM – 9:00 PM | Sunday: 9:00 AM – 9:00 PM,"22693 US-83, Paint Rock, TX 76866, USA"
Desi Dhaba,desi-dhaba,https://www.google.com/maps/place/Desi+Dhaba/data=!4m2!3m1!1s0x86561d00198f0919:0xebdc9448e64862fe,Simple Dhaba at a truck stop ,"Truck Parking, I-20, Gas, Bathrooms,",Medium,I-20 · TX,No,Yes,Yes,Google Maps,32.408935,-100.575201,(806) 686-4389,Monday: Open 24 hours | Tuesday: Open 24 hours | Wednesday: Open 24 hours | Thursday: Open 24 hours | Friday: Open 24 hours | Saturday: Open 24 hours | Sunday: Open 24 hours,"12825 S Interstate Hwy 20, Roscoe, TX 79545, USA"
Punjabi Dhaba,punjabi-dhaba,https://www.google.com/maps/place/Punjabi+Dhaba/data=!4m2!3m1!1s0x872565a6658c2c73:0xd3dc8ed5510d2f79,Truck Stop Dhaba with seating ,"Truck Parking, I-40, Gas, Bathrooms, Hotel, Arizona, Seating",Medium,Right off I-40 Arizona,Yes,Yes,Yes,Google Maps,35.234613,-109.411749,(929) 667-5300,"Monday: Open 24 hours | Tuesday: Open 24 hours | Wednesday: Open 24 hours | Thursday: Open 24 hours | Friday: Open 24 hours | Saturday: Open 24 hours | Sunday: Open 24 hours","U.S. Rte 66, Sanders, AZ 86512, USA"
Punjabi dhaba,punjabi-dhaba,https://www.google.com/maps/place/Punjabi+dhaba/data=!4m2!3m1!1s0x86d82d939d1c90d3:0x555b603734b2637f,Truck stop with seating ,"Truck Parking, I-10, Gas, Bathrooms, Liquor store, Seating",Medium,"Right off I-10, Arizona",No,Yes,Yes,Google Maps,32.32949,-109.395291,(520) 847-2511,,"1275 E Business Loop, San Simon, AZ 85632, USA"
Rosies Dhaba Indian Food Truck,rosies-dhaba-indian-food-truck,https://www.google.com/maps/place/Rosies+Dhaba+Indian+Food+Truck/data=!4m2!3m1!1s0x86e745d1a2ae085b:0xc932c07cbcecfa82,Highly rated food truck,"Gas, ",Medium,Near I-10 · TX,No,Yes,Yes,Google Maps,31.803568,-106.261752,(915) 667-3899,Monday: Closed | Tuesday: Closed | Wednesday: 5:00 – 6:30 PM | Thursday: 5:00 – 8:30 PM | Friday: 5:00 – 8:30 PM | Saturday: Closed | Sunday: Closed,"11705 Montwood Dr, El Paso, TX 79936, USA"
Vega Travel Center,vega-travel-center,https://www.google.com/maps/place/Vega+Travel+Center/data=!4m2!3m1!1s0x8703f52f68e15cf7:0x44e5081e745d2a40,"Truck stop Dhaba with seating, Samosas, Jalebi, Indian groceries","Truck Parking, I-40, Gas, Bathrooms",Medium,"Right off I-40, Jalebis",Yes,Yes,Yes,Google Maps,35.236012,-102.427473,(806) 267-2325,"Monday: Open 24 hours | Tuesday: Open 24 hours | Wednesday: Open 24 hours | Thursday: Open 24 hours | Friday: Open 24 hours | Saturday: Open 24 hours | Sunday: Open 24 hours","3650 I-40 Service Rd, Vega, TX 79092, USA"
333 FRESH Food Punjabi Rasoi,333-fresh-food-punjabi-rasoi,https://www.google.com/maps/place/333+FRESH+Food+Punjabi+Rasoi/data=!4m2!3m1!1s0x871b57002a2ed55d:0xcfc3799e0470e2e5,Truck Stop take out Dhaba ,"Truck Parking, I-40, Take out only",Medium,"Right off I-40, New Mexico",No,Yes,Yes,Google Maps,35.180709,-103.682733,(575) 515-0333,"Monday: 8:00 AM – 8:00 PM | Tuesday: 8:00 AM – 8:00 PM | Wednesday: 8:00 AM – 8:00 PM | Thursday: 8:00 AM – 8:00 PM | Friday: 8:00 AM – 8:00 PM | Saturday: 8:00 AM – 8:00 PM | Sunday: 8:00 AM – 8:00 PM","2080 S Mountain Rd, Tucumcari, NM 88401, USA"
Rose Punjabi Dhaba,rose-punjabi-dhaba,https://www.google.com/maps/place/Rose+Punjabi+Dhaba/data=!4m2!3m1!1s0x8704793869b8be81:0x3298cabc33480915,Dhaba with seating ,"Truck Parking, I-40, bathrooms,",Medium,"Right off I-40, Texas",No,Yes,Yes,Google Maps,35.307202,-102.700109,(806) 386-9992,"Monday: 8:00 AM – 8:00 PM | Tuesday: 8:00 AM – 8:00 PM | Wednesday: 8:00 AM – 8:00 PM | Thursday: 8:00 AM – 8:00 PM | Friday: 8:00 AM – 8:00 PM | Saturday: 8:00 AM – 8:00 PM | Sunday: 8:00 AM – 8:00 PM","300 U.S. Rte 66 lot 2, Adrian, TX 79001, USA"
Biji's Best,bijis-best,https://www.google.com/maps/place/Biji's+Best/data=!4m2!3m1!1s0x8796970deb75f27f:0x768aabb6e853f57b,Take out only Dhabi with limited menu at a gas station with specials ,"Gas, Bathrooms",Medium,"Indian takeout, Nebraska",No,Yes,Yes,Google Maps,40.720514,-96.603866,(402) 476-0367,"Monday: 11:00 AM – 8:00 PM | Tuesday: 11:00 AM – 8:00 PM | Wednesday: 11:00 AM – 8:00 PM | Thursday: 11:00 AM – 8:00 PM | Friday: 11:00 AM – 1:30 PM, 5:00 – 7:30 PM | Saturday: 11:00 AM – 8:00 PM | Sunday: Closed","5640 Hidcote Dr, Lincoln, NE 68516, USA"
Singh's Punjabi Dhaba,singhs-punjabi-dhaba,https://www.google.com/maps/place/Singh's+Punjabi+Dhaba/data=!4m2!3m1!1s0x87e267f2a81a2d75:0x519362119f1b96a6,"“The Tandoor Chicken is juicy, well-cooked, and packed with classic smoky flavor.”","Truck Parking, Iowa",Medium,Near I-80 · IA,No,Yes,Yes,Google Maps,41.779617,-90.29021,(563) 244-3300,"Monday: 11:00 AM – 2:00 PM, 4:00 – 9:00 PM | Tuesday: 11:00 AM – 2:00 PM, 4:00 – 9:00 PM | Wednesday: 11:00 AM – 2:00 PM, 4:00 – 9:00 PM | Thursday: 11:00 AM – 2:00 PM, 4:00 – 9:00 PM | Friday: 11:00 AM – 2:00 PM, 4:00 – 9:00 PM | Saturday: 11:00 AM – 2:00 PM, 4:00 – 9:00 PM | Sunday: Closed","2300 Lincoln Hwy, Clinton, IA 52732, USA"
PUNJAB COVET,punjab-covet,https://www.google.com/maps/place/PUNJAB+COVET/data=!4m2!3m1!1s0x87dc8d1ecfd1e103:0x97f5ed2f3b50d5bf,Dhaba with outdoor seating ,Seating,Medium,Near I-70 · MO,No,Yes,Yes,Google Maps,38.947222,-91.953429,(314) 707-4307,Monday: 10:00 AM – 9:30 PM | Tuesday: 10:00 AM – 9:30 PM | Wednesday: 10:00 AM – 9:30 PM | Thursday: 10:00 AM – 9:30 PM | Friday: 10:00 AM – 9:30 PM | Saturday: 10:00 AM – 9:30 PM | Sunday: 10:00 AM – 8:30 PM,"Parking Lot, 3391 County Rd 211, Kingdom City, MO 65262, USA"
Murthal Dhaba Indian Restaurant,murthal-dhaba-indian-restaurant,https://www.google.com/maps/place/Murthal+Dhaba+Indian+Restaurant/data=!4m2!3m1!1s0x89b34f657c2f9d69:0xd284841717b0cf8d,"Small Cart serving authentic Punjabi food, takeout ",Takeout ,Medium,Takeout ,No,Yes,Yes,Google Maps,37.933619,-79.21106,(540) 280-6419,"Monday: Open 24 hours | Tuesday: Open 24 hours | Wednesday: Open 24 hours | Thursday: Open 24 hours | Friday: Open 24 hours | Saturday: Open 24 hours | Sunday: Open 24 hours","722 Oakland Cir, Raphine, VA 24472, USA"
Indian Curry House (Punjabi Dhaba),indian-curry-house-punjabi-dhaba,https://www.google.com/maps/place/Indian+Curry+House+(Punjabi+Dhaba)/data=!4m2!3m1!1s0x8840b398a1311e47:0x63235725d91b2a7a,"Dhaba at a gas station, ","Truck Parking, Gas, Bathrooms, Seating",Medium,"Seating, I-71, Ohio",No,Yes,Yes,Google Maps,39.580997,-83.641192,(209) 884-2521,"Monday: 9:00 AM – 9:00 PM | Tuesday: 9:00 AM – 9:00 PM | Wednesday: 9:00 AM – 9:00 PM | Thursday: 9:00 AM – 9:00 PM | Friday: 9:00 AM – 9:00 PM | Saturday: 9:00 AM – 9:00 PM | Sunday: 9:00 AM – 9:00 PM","11546 Allen Rd, Jeffersonville, OH 43128, USA"
Shan E Panjab dhaba,shan-e-panjab-dhaba,https://www.google.com/maps/place/Shan+E+Panjab+dhaba/data=!4m2!3m1!1s0x884061004c9caed7:0x1e1421d69b947bf,"Small Cart serving authentic Punjabi food, takeout ","Takeout, Parking",Medium,Near I-75 · OH,No,Yes,Yes,Google Maps,39.555931,-84.314636,(513) 476-2173,Monday: 10:00 AM – 9:00 PM | Tuesday: 10:00 AM – 9:00 PM | Wednesday: 10:00 AM – 9:00 PM | Thursday: 10:00 AM – 9:00 PM | Friday: 10:00 AM – 9:00 PM | Saturday: 10:00 AM – 9:00 PM | Sunday: Closed,"1111 William C Good Blvd, Franklin, OH 45005, USA"
Pahalwan Dhaba,pahalwan-dhaba,https://www.google.com/maps/place/Pahalwan+Dhaba/data=!4m2!3m1!1s0x8771ad0b492613a9:0xd7e6dedc31e926ce,"Great parathas, butter chicken, biryani","Takeout, Parking",Medium,"Takeout, I-80, Nebraska",Yes,Yes,Yes,Google Maps,41.149511,-102.966061,(308) 524-9596,"Monday: Open 24 hours | Tuesday: Open 24 hours | Wednesday: Open 24 hours | Thursday: Open 24 hours | Friday: Open 24 hours | Saturday: Open 24 hours | Sunday: Open 24 hours","574 Chase Blvd, Sidney, NE 69162, USA"
Punjabi dhaba,punjabi-dhaba,https://www.google.com/maps/place/Punjabi+dhaba/data=!4m2!3m1!1s0x870129001cb6a059:0x8f0fa2e3093348ae,Truck stop dhaba with limited seating,"Truck Parking, Gas, Bathrooms, Seating",Medium,"Seating, I-40, Texas",No,Yes,Yes,Google Maps,35.245825,-101.389232,(806) 256-5209,"Monday: 7:00 AM – 11:00 PM | Tuesday: 7:00 AM – 11:00 PM | Wednesday: 7:00 AM – 11:00 PM | Thursday: 7:00 AM – 11:00 PM | Friday: 7:00 AM – 11:00 PM | Saturday: 7:00 AM – 11:00 PM | Sunday: 7:00 AM – 11:00 PM","16421 I-40, Shamrock, TX 79079, USA"
Desi Dhaba,desi-dhaba,https://www.google.com/maps/place/Desi+Dhaba/data=!4m2!3m1!1s0x863b659b752fd63d:0x2397f245b2e0879,Dhaba with Indian groceries ,"Truck Parking, Gas, Bathrooms, Seating, Liquor store",Medium,"Seating, I-10, Florida",No,Yes,Yes,Google Maps,30.297469,-92.891417,(337) 442-9039,"Monday: 7:00 AM – 9:30 PM | Tuesday: 7:00 AM – 9:30 PM | Wednesday: 7:00 AM – 9:30 PM | Thursday: 7:00 AM – 9:30 PM | Friday: 7:00 AM – 9:30 PM | Saturday: 7:00 AM – 9:30 PM | Sunday: 8:00 AM – 8:30 PM","18889 S Frontage Rd, Welsh, LA 70591, USA"
GOLDEN INDIAN RESTAURANT & DESI DHABA,golden-indian-restaurant-desi-dhaba,https://www.google.com/maps/place/GOLDEN+INDIAN+RESTAURANT+%26+DESI+DHABA/data=!4m2!3m1!1s0x86310fd0fd72981d:0x1a4edf577f8e7060,Dhaba with seating ,"Truck Parking, Gas, Bathrooms, Seating, Store",Medium,"Seating, I-20, Texas",No,Yes,Yes,Google Maps,32.532093,-93.251328,(559) 214-6891,"Monday: 10:00 AM – 10:00 PM | Tuesday: 9:00 AM – 10:00 PM | Wednesday: 9:00 AM – 10:00 PM | Thursday: 9:00 AM – 10:00 PM | Friday: 9:00 AM – 10:00 PM | Saturday: 9:00 AM – 10:00 PM | Sunday: 9:00 AM – 10:00 PM","I-20 Exit- 52, 2193 LA-532, Minden, LA 71055, USA"
Desi Dhaba,desi-dhaba,https://www.google.com/maps/place/Desi+Dhaba/data=!4m2!3m1!1s0x8636f7b6b2ebef6f:0x85ba5873b56909c9,"“We got the lamb shank, butter chicken, garlic naan, samosa, and a mango lassi.”","Truck Parking, Texas",Medium,I-20 · TX,No,Yes,Yes,Google Maps,32.500341,-94.372027,(903) 702-7918,Monday: 10:00 AM – 10:00 PM | Tuesday: 10:00 AM – 10:00 PM | Wednesday: 10:00 AM – 10:00 PM | Thursday: 10:00 AM – 10:00 PM | Friday: 10:00 AM – 10:00 PM | Saturday: 10:00 AM – 10:00 PM | Sunday: 10:00 AM – 10:00 PM,"304 I-20, Marshall, TX 75670, USA"
Taste of Punjab,taste-of-punjab,https://www.google.com/maps/place/Taste+of+Punjab/data=!4m2!3m1!1s0x87d49935a5fe2c39:0xe7b5bc0a5d00a193,"“The food was amazing, We ordered mixed paratha, paneer paratha, chicken curry, and lassi.”","Truck Parking, Arkansas",Medium,Near I-40 · AR,No,Yes,Yes,Google Maps,34.921299,-91.132602,(501) 697-9810,Monday: Open 24 hours | Tuesday: Open 24 hours | Wednesday: Open 24 hours | Thursday: Open 24 hours | Friday: Open 24 hours | Saturday: Open 24 hours | Sunday: Open 24 hours,"111 Lawson Rd, Wheatley, AR 72392, USA"
Chacha’s Dhaba Indian Cuisine,chachas-dhaba-indian-cuisine,https://www.google.com/maps/place/Chacha%E2%80%99s+Dhaba+Indian+Cuisine/data=!4m2!3m1!1s0x8627a99ce5d64407:0xfdd1b56efd0a2947,“The garlic naan and chai were better than I expected from an Indian place in the food court of a truck stop.”,"Truck Parking, Seating, Louisiana",Medium,Near I-55 · LA,No,Yes,Yes,Google Maps,30.93728,-90.514849,(318) 597-1213,Monday: 9:00 AM – 10:00 PM | Tuesday: 9:00 AM – 10:00 PM | Wednesday: 9:00 AM – 10:00 PM | Thursday: 9:00 AM – 10:00 PM | Friday: 9:00 AM – 10:00 PM | Saturday: 9:00 AM – 10:00 PM | Sunday: 9:00 AM – 10:00 PM,"802 Ave G, Kentwood, LA 70444, USA"
Chacha's Dhaba Indian Cuisine,chachas-dhaba-indian-cuisine,https://www.google.com/maps/place/Chacha's+Dhaba+Indian+Cuisine/data=!4m2!3m1!1s0x889de9789c6e89dd:0xb5c7338d3b3f75f7,,"Truck Parking, Seating, Louisiana",Medium,Near I-10 · LA,No,Yes,Yes,Google Maps,30.427824,-89.738243,(985) 444-1313,Monday: 10:00 AM – 10:00 PM | Tuesday: 7:00 AM – 10:00 PM | Wednesday: 7:00 AM – 10:00 PM | Thursday: 7:00 AM – 10:00 PM | Friday: 7:00 AM – 10:00 PM | Saturday: 7:00 AM – 10:00 PM | Sunday: 7:00 AM – 10:00 PM,"65583 Pump Slough Rd, Pearl River, LA 70452, USA"
Indian Cuisine & Curry Pizza (I-10 Dhaba MS),indian-cuisine-curry-pizza-i-10-dhaba-ms,https://www.google.com/maps/place/Indian+Cuisine+%26+Curry+Pizza+(I-10+Dhaba+MS)/data=!4m2!3m1!1s0x889c17e0236e9f55:0x56c93d63ac5f8009,"“Their indian staples that we tried were superb and some of the best aloo gobhi, saag paneer and lamb curry I've ever had from an Indian place.”","Truck Parking, Seating",Medium,US-49 · MS,No,Yes,Yes,Google Maps,30.361749,-89.093839,(228) 206-1205,Monday: 11:00 AM – 10:00 PM | Tuesday: 11:00 AM – 10:00 PM | Wednesday: 11:00 AM – 10:00 PM | Thursday: 11:00 AM – 10:00 PM | Friday: 11:00 AM – 10:00 PM | Saturday: 11:00 AM – 10:00 PM | Sunday: 11:00 AM – 10:00 PM,"9455 US 49, Gulfport, MS 39503, USA"
Maharaja Indian Cuisine,maharaja-indian-cuisine,https://www.google.com/maps/place/Maharaja+Indian+Cuisine/data=!4m2!3m1!1s0x88d9b3d71e415db7:0xeb98ff505df439e3,"“The menu features classic Indian dishes like butter chicken, chicken tikka masala, biryani, and paneer curry.”","Truck Parking, Seating, Florida",Medium,Near I-95 · FL,No,Yes,Yes,Google Maps,25.841205,-80.183566,(786) 716-3935,Monday: 9:00 AM – 2:00 AM | Tuesday: 9:00 AM – 2:00 AM | Wednesday: 9:00 AM – 2:00 AM | Thursday: 9:00 AM – 2:00 AM | Friday: 9:00 AM – 4:00 AM | Saturday: 5:00 PM – 4:00 AM | Sunday: 9:00 AM – 2:00 AM,"6010 NE 2nd Ave, Miami, FL 33137, USA"
Ambarsari Zaika Indian Cuisine,ambarsari-zaika-indian-cuisine,https://www.google.com/maps/place/Ambarsari+Zaika+Indian+Cuisine/data=!4m2!3m1!1s0x88c2b5cce6bfdf4b:0x35eb586ce997cf77,,"Truck Parking, Seating, Florida",Medium,Near I-75 · FL,No,Yes,Yes,Google Maps,28.127455,-82.287776,(656) 239-2813,Monday: Closed | Tuesday: 5:30 – 8:00 PM | Wednesday: 5:30 – 8:00 PM | Thursday: 5:30 – 8:00 PM | Friday: 5:00 – 9:00 PM | Saturday: 5:00 – 9:00 PM | Sunday: 5:00 – 9:00 PM,"10865 Cross Creek Blvd, Tampa, FL 33647, USA"
DOSTHI CHOWRASTA,dosthi-chowrasta,https://www.google.com/maps/place/DOSTHI+CHOWRASTA/data=!4m2!3m1!1s0x88c2c711b76fad93:0x963c6f25c58b8d5d,,"Truck Parking, Florida",Medium,Near I-75 · FL,No,Yes,Yes,Google Maps,28.060051,-82.444351,(813) 679-4358,Monday: 5:00 PM – 2:00 AM | Tuesday: 5:00 PM – 2:00 AM | Wednesday: 5:00 PM – 2:00 AM | Thursday: 5:00 PM – 2:00 AM | Friday: 5:00 PM – 2:00 AM | Saturday: 8:30 AM – 2:00 AM | Sunday: 8:30 AM – 2:00 AM,"14546 Bruce B Downs Blvd, Tampa, FL 33613, USA"
Naan House-Cleveland,naan-house-cleveland,https://www.google.com/maps/place/Naan+House-Cleveland/data=!4m2!3m1!1s0x885e2b98c12d5069:0x1a57f5507c49564a,,"Truck Parking, Ohio",Medium,Near I-75 · TN,No,Yes,Yes,Google Maps,35.157244,-84.876135,(423) 458-4016,Monday: 11:00 AM – 9:00 PM | Tuesday: 11:00 AM – 9:00 PM | Wednesday: 11:00 AM – 9:00 PM | Thursday: 11:00 AM – 9:00 PM | Friday: 11:00 AM – 9:00 PM | Saturday: 11:00 AM – 9:00 PM | Sunday: 12:00 – 9:00 PM,"2151 Keith St NW, Cleveland, TN 37311, USA"
CHENNAIWAALA INDIAN FOOD TRUCK,chennaiwaala-indian-food-truck,https://www.google.com/maps/place/CHENNAIWAALA+INDIAN+FOOD+TRUCK/data=!4m2!3m1!1s0x88541f0067c8a119:0xe984bc1aa17aead5,"“Ordered Lamb Rogan Josh and garlic naan, asked for it to be very mild - came out delicious and not spicy as requested.”","Food Truck, North Carolina",Medium,Near I-85 · NC,No,Yes,Yes,Google Maps,35.254302,-80.764526,(980) 497-7461,Monday: 5:00 – 9:30 PM | Tuesday: 5:00 – 9:30 PM | Wednesday: 5:00 – 9:30 PM | Thursday: 5:00 – 9:30 PM | Friday: 5:00 – 10:00 PM | Saturday: 12:00 – 10:00 PM | Sunday: 12:00 – 8:30 PM,"20833 Catawba Ave, Cornelius, NC 28031, USA"
Punjabi Dhaba,punjabi-dhaba,https://www.google.com/maps/place/Punjabi+Dhaba/data=!4m2!3m1!1s0x886b4502dafe988f:0x5b909e36e700a6c0,,"Truck Parking, Indiana",Medium,Near I-70 · IN,No,Yes,Yes,Google Maps,39.711061,-86.062374,(317) 292-9362,Monday: 9:00 AM – 12:00 AM | Tuesday: 9:00 AM – 12:00 AM | Wednesday: 9:00 AM – 12:00 AM | Thursday: 9:00 AM – 12:00 AM | Friday: 9:00 AM – 12:00 AM | Saturday: 9:00 AM – 12:00 AM | Sunday: 9:00 AM – 12:00 AM,"6005 E Thompson Rd, Indianapolis, IN 46237, USA"
Punjabi Dhaba,punjabi-dhaba,https://www.google.com/maps/place/Punjabi+Dhaba/data=!4m2!3m1!1s0x86386300798b6bd3:0x5221c9b859937a2b,"“I had the palak paneer and hubby had the butter chicken, we also ordered garlic and plain naan among with Limca (we ordered extra Limca to take home).”","Truck Parking, Texas",Medium,US-59 · TX,No,Yes,Yes,Google Maps,30.853336,-94.852371,(936) 622-1006,Monday: 10:00 AM – 8:00 PM | Tuesday: 10:00 AM – 8:00 PM | Wednesday: 10:00 AM – 8:00 PM | Thursday: 10:00 AM – 8:00 PM | Friday: 10:00 AM – 8:00 PM | Saturday: 10:00 AM – 8:00 PM | Sunday: Closed,"11960 US-59, Livingston, TX 77351, USA"
323 DHABA EXPRESS PUNJABI VEG KITCHEN,323-dhaba-express-punjabi-veg-kitchen,https://www.google.com/maps/place/323+DHABA+EXPRESS+PUNJABI+VEG+KITCHEN/data=!4m2!3m1!1s0x89b63949f285a31d:0x8e01b6adb573f816,"“We ordered- Amritsari Kulcha, Aloo Paratha Paneer Tikka Masala, Bullet Naan, Cheese Chilli Naan, Lassi and everything tasted really good.”","Truck Parking, Virginia",Medium,Near I-95 · VA,No,Yes,Yes,Google Maps,39.036902,-77.463782,(571) 325-2523,Monday: 11:30 AM – 9:30 PM | Tuesday: 11:30 AM – 9:30 PM | Wednesday: 11:30 AM – 9:30 PM | Thursday: 11:30 AM – 9:30 PM | Friday: 11:30 AM – 9:30 PM | Saturday: 11:30 AM – 9:30 PM | Sunday: 11:30 AM – 9:30 PM,"20800 Pidgeon Hill Dr suite 140, Sterling, VA 20165, USA"
Punjabi Dhaba,punjabi-dhaba,https://www.google.com/maps/place/Punjabi+Dhaba/data=!4m2!3m1!1s0x89c3b5001fe9ff9d:0xe669945dd6d46e3c,“We again went the next day for dinner and ordered saag with makki di roti and Amritsari kulcha.”,"Truck Parking, New Jersey",Medium,Near I-95 · NJ,No,Yes,Yes,Google Maps,40.556846,-74.263507,(732) 352-0628,Monday: 10:00 AM – 9:00 PM | Tuesday: 10:00 AM – 9:00 PM | Wednesday: 10:00 AM – 9:00 PM | Thursday: 10:00 AM – 9:00 PM | Friday: 9:00 AM – 9:00 PM | Saturday: 9:00 AM – 9:00 PM | Sunday: 9:00 AM – 9:00 PM,"1293 Roosevelt Ave, Carteret, NJ 07008, USA"
Punjabi Dhaba Hicksville,punjabi-dhaba-hicksville,https://www.google.com/maps/place/Punjabi+Dhaba+Hicksville/data=!4m2!3m1!1s0x89c28167aa885403:0xdc3356d29254aa42,"“We ordered chole bhatura, dahi bhalla, samosa chaat, baingan bharta, yellow moong dal tadka, garlic naan, and tandoori roti.”","Truck Parking, New York",Medium,Near I-95 · NY,No,Yes,Yes,Google Maps,40.801249,-73.533083,(516) 433-7495,Monday: 9:00 AM – 9:45 PM | Tuesday: 9:00 AM – 9:45 PM | Wednesday: 9:00 AM – 9:45 PM | Thursday: 9:00 AM – 9:45 PM | Friday: 9:00 AM – 9:45 PM | Saturday: 9:00 AM – 9:45 PM | Sunday: 9:00 AM – 9:45 PM,"257 S Broadway, Hicksville, NY 11801, USA"
Indian Dhaba,indian-dhaba,https://www.google.com/maps/place/Indian+Dhaba/data=!4m2!3m1!1s0x880e2d742c107847:0x2c6c04bab15b3e4f,“We had the Aloo Paratha Garlic Naan the Chicken tikka masala Butter Chicken Basmati rice everything was great hot and delicious.”,"Truck Parking, Michigan",Medium,Near I-90 · IL,No,Yes,Yes,Google Maps,41.859391,-87.682413,(331) 316-2484,Monday: 11:30 AM – 9:30 PM | Tuesday: 11:30 AM – 9:30 PM | Wednesday: 11:30 AM – 9:30 PM | Thursday: 11:30 AM – 9:30 PM | Friday: 11:30 AM – 9:30 PM | Saturday: 11:30 AM – 10:00 PM | Sunday: 11:30 AM – 10:00 PM,"2325 W Taylor St, Chicago, IL 60612, USA"
Ustaad Da Dhaba,ustaad-da-dhaba,https://www.google.com/maps/place/Ustaad+Da+Dhaba/data=!4m2!3m1!1s0x8838a513c5d29d5b:0x3513d804c5559b48,"“Goat curry, chicken biryani, and roti were excellent.”","Truck Parking, Ohio",Medium,US-42 · OH,No,Yes,Yes,Google Maps,39.93005,-83.395923,(614) 787-8620,Monday: 9:00 AM – 9:30 PM | Tuesday: 9:00 AM – 9:30 PM | Wednesday: 9:00 AM – 9:30 PM | Thursday: 9:00 AM – 9:30 PM | Friday: 9:00 AM – 9:30 PM | Saturday: 9:00 AM – 9:30 PM | Sunday: 9:00 AM – 2:00 PM,"Parking, Lot, 935 US-42, London, OH 43140, USA"
TASTE OF PUNJAB DHABA,taste-of-punjab-dhaba,https://www.google.com/maps/place/TASTE+OF+PUNJAB+DHABA/data=!4m2!3m1!1s0x8839b10073d2b19b:0x62247e170d6080d3,"“Muat try the Kadhi Pakoda, shahi Paneer, parathas, paneer bhurji.”","Truck Parking, Ohio",Medium,Near I-71 · OH,No,Yes,Yes,Google Maps,40.523829,-82.691038,(614) 616-3347,Monday: 10:00 AM – 8:00 PM | Tuesday: 10:00 AM – 8:00 PM | Wednesday: 10:00 AM – 8:00 PM | Thursday: 10:00 AM – 8:00 PM | Friday: 10:00 AM – 8:00 PM | Saturday: 10:00 AM – 8:00 PM | Sunday: Closed,"6022a OH-95, Mt Gilead, OH 43338, USA"
Sardarji da dhaba,sardarji-da-dhaba,https://www.google.com/maps/place/Sardarji+da+dhaba/data=!4m2!3m1!1s0x89cf034a39194fa5:0xaa237b8cc90aa4ee,"“I was given Chai and a Vegetable Pakora after order, no additional cost.”","Truck Parking, New York",Medium,Near I-80 · PA,No,Yes,Yes,Google Maps,41.040701,-77.123599,(929) 239-9200,Monday: 10:00 AM – 11:00 PM | Tuesday: 10:00 AM – 11:00 PM | Wednesday: 10:00 AM – 11:00 PM | Thursday: 10:00 AM – 11:00 PM | Friday: 10:00 AM – 11:00 PM | Saturday: 12:00 – 9:00 PM | Sunday: 10:00 AM – 10:00 PM,"Indian restaurants, 1460 N Ridge Rd, Milton, PA 17847, USA"
Kake Da Dhaba,kake-da-dhaba,https://www.google.com/maps/place/Kake+Da+Dhaba/data=!4m2!3m1!1s0x883b2b7cdc671757:0x1622d66c49f20f0,"“We tried the Papdi Chaat and Mushroom Matar, both of which were delicious.”","Truck Parking, Ohio",Medium,Near I-75 · ON,No,Yes,Yes,Google Maps,42.306471,-82.989997,(226) 674-1399,Monday: 2:00 – 10:30 PM | Tuesday: 2:00 – 10:30 PM | Wednesday: 2:00 – 10:30 PM | Thursday: 2:00 – 10:30 PM | Friday: 2:00 – 11:00 PM | Saturday: 1:00 – 11:00 PM | Sunday: 1:00 – 10:30 PM,"5150 Tecumseh Rd E, Windsor, ON N8T 1C4, Canada"
Curry hub Punjabi dhaba,curry-hub-punjabi-dhaba,https://www.google.com/maps/place/Curry+hub+Punjabi+dhaba/data=!4m2!3m1!1s0x87d4930ac882cc8d:0x7d929519b89bb50f,"“Tried the goat curry, rotis, dal makhani and rice and kheer, samosas and chai.”","Truck Parking, Arkansas",Medium,Near I-40 · AR,No,Yes,Yes,Google Maps,34.969751,-90.942467,(870) 662-1668,Monday: 9:00 AM – 9:00 PM | Tuesday: 9:00 AM – 9:00 PM | Wednesday: 9:00 AM – 9:00 PM | Thursday: 9:00 AM – 9:00 PM | Friday: 9:00 AM – 9:00 PM | Saturday: 9:00 AM – 9:00 PM | Sunday: 9:00 AM – 9:00 PM,"1019 N Main St, Palestine, AR 72372, USA"
Punjabi Dhaba (Desi Vibes),punjabi-dhaba-desi-vibes,https://www.google.com/maps/place/Punjabi+Dhaba+(Desi+Vibes)/data=!4m2!3m1!1s0x87d5079c61721c39:0xf3ceecd2464362d2,"“We ordered palak paneer, rice, roti and chai and food was flavorful and fantastic.”","Truck Parking, Arkansas",Medium,Near I-40 · AR,No,Yes,Yes,Google Maps,35.199933,-90.484212,(870) 636-7727,Monday: 8:00 AM – 12:00 AM | Tuesday: 8:00 AM – 12:00 AM | Wednesday: 8:00 AM – 12:00 AM | Thursday: 8:00 AM – 12:00 AM | Friday: 8:00 AM – 12:00 AM | Saturday: 8:00 AM – 12:00 AM | Sunday: 8:00 AM – 12:00 AM,"485 AR-149, Heth, AR 72346, USA"
5911 Dhaba,5911-dhaba,https://www.google.com/maps/place/5911+Dhaba/data=!4m2!3m1!1s0x87c88586bef61b69:0x4edb57d011fa6570,,"Truck Parking, Missouri",Medium,Near I-44 · MO,No,Yes,Yes,Google Maps,37.053111,-94.280614,(417) 514-0466,Monday: Open 24 hours | Tuesday: Open 24 hours | Wednesday: Open 24 hours | Thursday: Open 24 hours | Friday: Open 24 hours | Saturday: Open 24 hours | Sunday: Open 24 hours,"2170 Co Rd 100, Carthage, MO 64836, USA"
Dhaba Mitraan da Indian Cuisine,dhaba-mitraan-da-indian-cuisine,https://www.google.com/maps/place/Dhaba+Mitraan+da+Indian+Cuisine/data=!4m2!3m1!1s0x87b7d3bedc35caa5:0xd708ebd116612998,"“Stopped at this place for the mix and paneer paratha bundle during a family road trip, and it was an excellent experience.”","Truck Parking, Seating, Oklahoma",Medium,Near I-44 · OK,No,Yes,Yes,Google Maps,36.559302,-95.16815,(646) 844-4114,Monday: 8:00 AM – 10:00 PM | Tuesday: 8:00 AM – 10:00 PM | Wednesday: 8:00 AM – 10:00 PM | Thursday: 8:00 AM – 10:00 PM | Friday: 8:00 AM – 10:00 PM | Saturday: 8:00 AM – 10:00 PM | Sunday: 8:00 AM – 10:00 PM,"31303 S Hwy 69, Big Cabin, OK 74332, USA"
Desi Dhaba,desi-dhaba,https://www.google.com/maps/place/Desi+Dhaba/data=!4m2!3m1!1s0x87c0efbf3e6d3d1f:0x1c7b92a44572c274,“The dosa was perfectly crisp with soft idli and the vada had just the right crunch.All the sides chutneys and sambar were fresh as well.”,"Truck Parking, Missouri",Medium,Near I-49 · MO,No,Yes,Yes,Google Maps,39.042021,-94.587034,(816) 216-1510,Monday: 9:30 AM – 9:30 PM | Tuesday: 9:30 AM – 9:30 PM | Wednesday: 9:30 AM – 9:30 PM | Thursday: 9:30 AM – 9:30 PM | Friday: 9:30 AM – 10:00 PM | Saturday: 9:30 AM – 10:00 PM | Sunday: 9:30 AM – 10:00 PM,"3967 Main St Unit B, Kansas City, MO 64111, USA"
Zaika,zaika,https://www.google.com/maps/place/Zaika/data=!4m2!3m1!1s0x87ee93cd50ff887d:0xed863aa739049de,"“My favorite aaloo tiki, butter chicken with garlic naan, goat curry and so many more yummy dishes.”","Truck Parking, Iowa",Medium,Near I-80 · IA,No,Yes,Yes,Google Maps,41.667533,-93.489766,(515) 214-1460,Monday: 9:00 AM – 11:00 PM | Tuesday: 9:00 AM – 11:00 PM | Wednesday: 9:00 AM – 11:00 PM | Thursday: 9:00 AM – 11:00 PM | Friday: 9:00 AM – 11:00 PM | Saturday: 9:00 AM – 11:00 PM | Sunday: 9:00 AM – 11:00 PM,"3209 Henry St SW, Bondurant, IA 50035, USA"
I-80 Dhaba,i-80-dhaba,https://www.google.com/maps/place/I-80+Dhaba/data=!4m2!3m1!1s0x87ef6d0e3d8aa955:0x5fcb4ff6186c0bd8,"“We had Samosa Chaat and Paneer Tikka for appetizers, and they were absolutely delicious.”","Truck Parking, Iowa",Medium,Near I-80 · IA,No,Yes,Yes,Google Maps,41.701787,-92.747264,(641) 659-9029,Monday: Closed | Tuesday: 10:00 AM – 9:00 PM | Wednesday: 10:00 AM – 9:00 PM | Thursday: 10:00 AM – 9:00 PM | Friday: 10:00 AM – 9:00 PM | Saturday: 10:00 AM – 9:00 PM | Sunday: 10:00 AM – 9:00 PM,"2110 W St S, Grinnell, IA 50112, USA"
"Dhaba 94, American Diner",dhaba-94-american-diner,"https://www.google.com/maps/place/Dhaba+94,+American+Diner/data=!4m2!3m1!1s0x52b48b005150d11f:0x986ed06395cf65ff",,"Truck Parking, Minnesota",Medium,Near I-94 · MN,Yes,Yes,Yes,Google Maps,45.487136,-94.110324,(320) 217-2773,Monday: 10:30 AM – 8:00 PM | Tuesday: 10:30 AM – 8:00 PM | Wednesday: 10:30 AM – 8:00 PM | Thursday: 10:30 AM – 8:00 PM | Friday: 10:30 AM – 8:00 PM | Saturday: 10:30 AM – 8:00 PM | Sunday: 10:30 AM – 8:00 PM,"4325 Clearwater Rd, St Cloud, MN 56301, USA"
Indian spice,indian-spice,https://www.google.com/maps/place/Indian+spice/data=!4m2!3m1!1s0x875c810035c363c1:0xcd7eb3c8c88e7734,,"Truck Parking, Wyoming",Medium,Near I-80 · WY,No,Yes,Yes,Google Maps,41.703547,-107.997947,(307) 888-2022,Monday: 7:00 AM – 10:00 PM | Tuesday: 7:00 AM – 10:00 PM | Wednesday: 7:00 AM – 10:00 PM | Thursday: 7:00 AM – 10:00 PM | Friday: 7:00 AM – 10:00 PM | Saturday: 7:00 AM – 10:00 PM | Sunday: 7:00 AM – 10:00 PM,"Indian spice Bite, 309 Carlton Rd, Wamsutter, WY 82336, USA"
India Grill,india-grill,https://www.google.com/maps/place/India+Grill/data=!4m2!3m1!1s0x53487b3082b443ff:0x509b64f87ca95a95,,"Truck Parking, Seating, Montana",Medium,Near I-90 · MT,No,Yes,Yes,Google Maps,45.783238,-108.507222,(406) 652-9700,"Monday: Closed | Tuesday: 11:00 AM – 2:00 PM, 4:00 – 8:30 PM | Wednesday: 11:00 AM – 2:00 PM, 4:00 – 8:00 PM | Thursday: 11:00 AM – 2:00 PM, 4:00 – 8:30 PM | Friday: 11:00 AM – 2:00 PM, 4:00 – 8:30 PM | Saturday: 11:00 AM – 2:00 PM, 4:00 – 8:30 PM | Sunday: 11:00 AM – 2:00 PM, 4:00 – 8:30 PM","503 24th St W, Billings, MT 59102, USA"
Curry Express,curry-express,https://www.google.com/maps/place/Curry+Express/data=!4m2!3m1!1s0x5345381c7e91c627:0x7bc9e153da10d455,,"Truck Parking, Montana",Medium,Near I-90 · MT,No,Yes,Yes,Google Maps,45.777041,-111.179366,(406) 924-2414,"Monday: 11:00 AM – 2:30 PM, 5:00 – 9:00 PM | Tuesday: 11:00 AM – 2:30 PM, 5:00 – 9:00 PM | Wednesday: 11:00 AM – 2:30 PM, 5:00 – 9:00 PM | Thursday: 11:00 AM – 2:30 PM, 5:00 – 9:00 PM | Friday: 11:00 AM – 2:30 PM, 5:00 – 9:00 PM | Saturday: 11:00 AM – 2:30 PM, 5:00 – 9:00 PM | Sunday: Closed","90 W Madison Ave STE C, Belgrade, MT 59714, USA"
Sidhus punjabi cuisine,sidhus-punjabi-cuisine,https://www.google.com/maps/place/Sidhus+punjabi+cuisine/data=!4m2!3m1!1s0x5490fd457591660b:0xb3aa4302e44ee7ed,"“We have ordered gobhi kulcha , it was amazingly delicious 🤤 fresh channe , raita, achar and kulcha was so big and fully loaded.”","Truck Parking, Seating, Washington",Medium,I-5 · WA,No,Yes,Yes,Google Maps,47.109792,-122.309179,(253) 338-3200,Monday: 9:00 AM – 9:00 PM | Tuesday: 9:00 AM – 9:00 PM | Wednesday: 9:00 AM – 9:00 PM | Thursday: 9:00 AM – 9:00 PM | Friday: 9:00 AM – 9:00 PM | Saturday: 9:00 AM – 9:00 PM | Sunday: 9:00 AM – 9:00 PM,"Located in Lincoln Creek Behind Mexican food truck Across the street Pilot exit 99 at I-5, 2421 93rd Ave SW B, Tumwater, WA 98512, USA"
Kamal Da Dhaba Indian Restaurant,kamal-da-dhaba-indian-restaurant,https://www.google.com/maps/place/Kamal+Da+Dhaba+Indian+Restaurant/data=!4m2!3m1!1s0x54905eb67bdd499f:0xd7fa3d7799306b3d,,"Truck Parking, Seating, Washington",Medium,Near I-5 · WA,No,Yes,Yes,Google Maps,47.372343,-122.204147,(206) 697-3120,,"16751 SE 272nd St, Covington, WA 98042, USA"
PUNJABI DHABA Indian Restaurant & Market Place,punjabi-dhaba-indian-restaurant-market-place,https://www.google.com/maps/place/PUNJABI+DHABA+Indian+Restaurant+%26+Market+Place/data=!4m2!3m1!1s0x549edf00153e2061:0x9de4da77bee76568,“We started with Chai(s) they were unsweetened and mild but nice on the cool day and the Vegetarian Samosas (the flavor of these was amazing).”,"Truck Parking, Seating, Washington",Medium,Near I-90 · WA,No,Yes,Yes,Google Maps,47.096329,-118.349135,(509) 347-7177,Monday: 11:00 AM – 9:00 PM | Tuesday: 11:00 AM – 9:00 PM | Wednesday: 11:00 AM – 9:00 PM | Thursday: 11:00 AM – 9:00 PM | Friday: 11:00 AM – 9:00 PM | Saturday: 11:00 AM – 9:00 PM | Sunday: 11:00 AM – 9:00 PM,"1611 Smittys Blvd, Ritzville, WA 99169, USA"
Dhaba Indian Kitchen - Xplore,dhaba-indian-kitchen---xplore,https://www.google.com/maps/place/Dhaba+Indian+Kitchen+-+Xplore/data=!4m2!3m1!1s0x54950ffd70d8ca13:0xc27990cb3769ed68,“I had the lamb vindaloo and it was one of the best I have ever had.”,"Truck Parking, Washington",Medium,Near I-5 · OR,No,Yes,Yes,Google Maps,45.51558,-122.94999,(503) 267-0393,Monday: 11:00 AM – 9:00 PM | Tuesday: 11:00 AM – 9:00 PM | Wednesday: 11:00 AM – 9:00 PM | Thursday: 11:00 AM – 9:00 PM | Friday: 11:00 AM – 9:00 PM | Saturday: 11:00 AM – 9:30 AM | Sunday: 11:00 AM – 9:00 PM,"16365 NW Twin Oaks Dr, Beaverton, OR 97006, USA"
Bollywood Dhaba Portland,bollywood-dhaba-portland,https://www.google.com/maps/place/Bollywood+Dhaba+Portland/data=!4m2!3m1!1s0x54950bfda5ee85c5:0x9d45c35f2019893c,"“Ordered the Dal Tadka, Saag Paneer, chicken tikka masala, and a lamb dish with garlic naan and samosas - all SO delicious.”","Truck Parking, Washington",Medium,Near I-5 · OR,Yes,Yes,Yes,Google Maps,45.496466,-122.767981,(971) 416-9625,Monday: 11:00 AM – 9:00 PM | Tuesday: 11:00 AM – 9:00 PM | Wednesday: 11:00 AM – 9:00 PM | Thursday: 11:00 AM – 9:00 PM | Friday: 11:00 AM – 9:00 PM | Saturday: 11:00 AM – 9:00 PM | Sunday: 11:00 AM – 9:00 PM,"4534 SE McLoughlin Blvd, Portland, OR 97202, USA"
Dhaba Indian Kitchen - Foodlandia Hillsboro,dhaba-indian-kitchen---foodlandia-hillsboro,https://www.google.com/maps/place/Dhaba+Indian+Kitchen+-+Foodlandia+Hillsboro/data=!4m2!3m1!1s0x54950f004ea229ad:0x9c16641209706cd0,"“Best samosa I've had in a long time, and the Mango Lassi was excellent as well.”","Truck Parking, Washington",Medium,Near I-5 · OR,No,Yes,Yes,Google Maps,45.510144,-122.867464,(503) 884-1135,Monday: 11:00 AM – 8:30 PM | Tuesday: 11:00 AM – 8:30 PM | Wednesday: 11:00 AM – 8:30 PM | Thursday: 11:00 AM – 8:30 PM | Friday: 11:00 AM – 8:30 PM | Saturday: 11:00 AM – 8:30 PM | Sunday: 11:00 AM – 8:30 PM,"2635 SE Century Blvd, Hillsboro, OR 97123, USA"
Punjabi Dhaba,punjabi-dhaba,https://www.google.com/maps/place/Punjabi+Dhaba/data=!4m2!3m1!1s0x5495693ce08594fb:0x3a24c03bd602cf29,"“The food was authentic and flavorful — we tried the Mix Veg Paratha and Paneer Tikka, both cooked to perfection.”","Truck Parking, Oregon",Medium,Near I-5 · OR,No,Yes,Yes,Google Maps,45.281626,-122.825737,(503) 776-9177,Monday: Open 24 hours | Tuesday: Open 24 hours | Wednesday: Open 24 hours | Thursday: Open 24 hours | Friday: Open 24 hours | Saturday: Open 24 hours | Sunday: 8:00 AM – 8:00 PM,"12271 Melinda Ln NE, Aurora, OR 97002, USA"
FIRANGI DHABA,firangi-dhaba,https://www.google.com/maps/place/FIRANGI+DHABA/data=!4m2!3m1!1s0x5495a1b2dbb99099:0x26315d063d84082a,"“Pictured is aloo gobi, veg tikka, pakak paneer (yum!!!), raita, chili sauce, and rice.”","Truck Parking, Washington",Medium,Near I-84 · OR,No,Yes,Yes,Google Maps,45.50588,-122.573719,(971) 500-6767,Monday: 10:00 AM – 9:00 PM | Tuesday: Closed | Wednesday: 10:00 AM – 9:00 PM | Thursday: 10:00 AM – 9:00 PM | Friday: 10:00 AM – 9:00 PM | Saturday: 10:00 AM – 9:00 PM | Sunday: 10:00 AM – 9:00 PM,"6035 NE Halsey St, Portland, OR 97213, USA"
Punjabi Dhaba Indian Crusine,punjabi-dhaba-indian-crusine,https://www.google.com/maps/place/Punjabi+Dhaba+Indian+Crusine/data=!4m2!3m1!1s0x54bd8700581624b5:0x76a7e89931b0bd97,"“Today, we enjoyed a mix chicken platter, paneer tikka veg platter, and mango lassi.”","Truck Parking, Oregon",Medium,Near I-84 · OR,No,Yes,Yes,Google Maps,45.66035,-120.765225,(541) 370-2126,Monday: 9:00 AM – 9:00 PM | Tuesday: 9:00 AM – 9:00 PM | Wednesday: 9:00 AM – 9:00 PM | Thursday: 9:00 AM – 9:00 PM | Friday: 9:00 AM – 9:00 PM | Saturday: 9:00 AM – 9:00 PM | Sunday: Closed,"Wasco, OR 97065, USA"
Little India (Punjabi Dhaba),little-india-punjabi-dhaba,https://www.google.com/maps/place/Little+India+(Punjabi+Dhaba)/data=!4m2!3m1!1s0x54bfffb26cc85853:0x83083302246dc255,"“I've always gotten the Biryani and the samosas but since the menu options have changed, i thought I'd try out the curry and the garlic naan.”","Truck Parking, Washington",Medium,Near I-5 · OR,No,Yes,Yes,Google Maps,44.96182,-123.037551,(971) 388-3977,Monday: 11:00 AM – 8:00 PM | Tuesday: 8:00 AM – 9:00 PM | Wednesday: 4:00 – 8:00 PM | Thursday: 11:00 AM – 9:00 PM | Friday: 11:00 AM – 9:00 PM | Saturday: 11:00 AM – 9:00 PM | Sunday: 11:00 AM – 8:00 PM,"1233 Riverbend Rd NW, Salem, OR 97304, USA"
Bright Indian Food BIF ( Punjabi Dhaba ) (Little India),bright-indian-food-bif-punjabi-dhaba-little-india,https://www.google.com/maps/place/Bright+Indian+Food+BIF+(+Punjabi+Dhaba+)+(Little+India)/data=!4m2!3m1!1s0x5495571f3f96e0db:0xb1806deb81f5189,"“I had the butter chicken and Chai tea, both were excellent!”","Truck Parking, Oregon",Medium,Near I-5 · OR,No,Yes,Yes,Google Maps,45.062355,-123.01009,(971) 432-9024,Monday: 8:00 AM – 12:00 AM | Tuesday: 8:00 AM – 12:00 AM | Wednesday: 8:00 AM – 12:00 AM | Thursday: 8:00 AM – 12:00 AM | Friday: 8:00 AM – 12:00 AM | Saturday: 10:00 AM – 8:00 PM | Sunday: 10:00 AM – 7:00 PM,"8983 Truckman Way NE, Salem, OR 97303, USA"
Royal India Punjabi Dhaba,royal-india-punjabi-dhaba,https://www.google.com/maps/place/Royal+India+Punjabi+Dhaba/data=!4m2!3m1!1s0x54c013715f7db24b:0xa786b3ae7b229430,"“I ordered amritsari kulcha and it was perfect, all flavors were awesome and they also have very good free chai.”","Truck Parking, Seating, Oregon",Medium,Near I-5 · OR,No,Yes,Yes,Google Maps,44.666941,-123.123537,(541) 619-3699,Monday: 9:00 AM – 8:30 PM | Tuesday: 9:00 AM – 8:30 PM | Wednesday: 9:00 AM – 8:30 PM | Thursday: 9:00 AM – 8:30 PM | Friday: 9:00 AM – 8:30 PM | Saturday: 9:00 AM – 8:30 PM | Sunday: 9:00 AM – 8:30 PM,"6435 Old Salem Rd NE, Albany, OR 97321, USA"
Little India (Punjabi Dhaba),little-india-punjabi-dhaba,https://www.google.com/maps/place/Little+India+(Punjabi+Dhaba)/data=!4m2!3m1!1s0x54c007509df36ded:0x6e5d05239761a168,"“I've always gotten the Biryani and the samosas but since the menu options have changed, i thought I'd try out the curry and the garlic naan.”","Truck Parking, Oregon",Medium,Near I-5 · OR,No,Yes,Yes,Google Maps,44.899632,-123.034041,(503) 510-5573,Monday: 11:00 AM – 8:00 PM | Tuesday: 11:00 AM – 8:00 PM | Wednesday: 5:00 – 8:00 PM | Thursday: 11:00 AM – 8:00 PM | Friday: 11:00 AM – 9:00 PM | Saturday: 11:00 AM – 9:00 PM | Sunday: 11:00 AM – 8:30 PM,"1510 Fabry Rd SE, Salem, OR 97306, USA"
Curry Bai Punjabi Dhaba Exit 216,curry-bai-punjabi-dhaba-exit-216,https://www.google.com/maps/place/Curry+Bai+Punjabi+Dhaba+Exit+216/data=!4m2!3m1!1s0x54c05f4402393dc9:0x10d57314b3c34a2c,"“I ordered the saag paneer and it was perfectly spicy, rich, velvety and the paneer was the right texture and had great chew.”","Truck Parking, Oregon",Medium,Near I-5 · OR,No,Yes,Yes,Google Maps,44.355865,-123.004837,(503) 917-0417,Monday: 10:00 AM – 8:00 PM | Tuesday: 10:00 AM – 8:00 PM | Wednesday: 10:00 AM – 8:00 PM | Thursday: 10:00 AM – 8:00 PM | Friday: 10:00 AM – 8:00 PM | Saturday: Closed | Sunday: 10:00 AM – 8:00 PM,"33180 OR-228, Halsey, OR 97348, USA"
Punjabi Indian Food and Groceries,punjabi-indian-food-and-groceries,https://www.google.com/maps/place/Punjabi+Indian+Food+and+Groceries/data=!4m2!3m1!1s0x54d2eb14b3c38cf1:0x98dfcd187963d49e,“My favorite stop for chicken Tikka masala with a side of rice and garlic naan🤤.”,"Truck Parking, California",Medium,Near I-5 · CA,No,Yes,Yes,Google Maps,40.54471,-122.340774,(530) 440-0510,Monday: 11:30 AM – 8:00 PM | Tuesday: 9:30 AM – 8:00 PM | Wednesday: 9:30 AM – 8:00 PM | Thursday: 9:30 AM – 8:00 PM | Friday: 9:30 AM – 8:00 PM | Saturday: 11:30 AM – 8:00 PM | Sunday: Closed,"2600 Bechelli Ln, Redding, CA 96002, USA"
Punjabi Indian Restaurant,punjabi-indian-restaurant,https://www.google.com/maps/place/Punjabi+Indian+Restaurant/data=!4m2!3m1!1s0x8082f2f5372f47f7:0xa6d539a20ea3e9c4,,"Truck Parking, Seating, California",Medium,Near I-5 · CA,No,Yes,Yes,Google Maps,39.907768,-122.197865,(530) 824-0100,Monday: 7:00 AM – 10:00 PM | Tuesday: 7:00 AM – 10:00 PM | Wednesday: 7:00 AM – 10:00 PM | Thursday: 7:00 AM – 10:00 PM | Friday: 7:00 AM – 10:00 PM | Saturday: 7:00 AM – 10:00 PM | Sunday: 7:00 AM – 10:00 PM,"3070 Hwy 99 W, Corning, CA 96021, USA"
I-5 Dhaba,i-5-dhaba,https://www.google.com/maps/place/I-5+Dhaba/data=!4m2!3m1!1s0x808499de0ecc8a91:0xe97f5de6af991c60,"“We also ordered the butter naan, palak paneer which was good but not to the level of the chicken.”","Truck Parking, California",Medium,Near I-5 · CA,No,Yes,Yes,Google Maps,38.946593,-122.060068,(530) 702-9588,Monday: 10:00 AM – 8:00 PM | Tuesday: 10:00 AM – 8:00 PM | Wednesday: 10:00 AM – 8:00 PM | Thursday: 10:00 AM – 8:00 PM | Friday: 10:00 AM – 8:00 PM | Saturday: 10:00 AM – 8:00 PM | Sunday: 10:00 AM – 8:00 PM,"690 Hillgate Rd, Arbuckle, CA 95912, USA"
PANJABI DHABA,panjabi-dhaba,https://www.google.com/maps/place/PANJABI+DHABA/data=!4m2!3m1!1s0x809023c8892d1ee9:0xa2d56c6c5a47ef94,Informal eatery serving traditional Indian & Pakistani dishes for dine-in or takeout.,"Truck Parking, California",Medium,Near I-5 · CA,No,Yes,Yes,Google Maps,37.691463,-121.517367,(209) 835-9090,"Monday: 11:00 AM – 3:00 PM, 4:30 – 9:30 PM | Tuesday: 11:00 AM – 3:00 PM, 4:30 – 9:30 PM | Wednesday: 11:00 AM – 3:00 PM, 4:30 – 9:30 PM | Thursday: 11:00 AM – 3:00 PM, 4:30 – 9:30 PM | Friday: 11:00 AM – 3:00 PM, 4:30 – 9:30 PM | Saturday: 11:00 AM – 3:00 PM, 4:30 – 9:30 PM | Sunday: 11:00 AM – 3:00 PM, 4:30 – 9:30 PM","2242 W Grant Line Rd #101, Tracy, CA 95377, USA"
Tandoori & Tawa Dhaba,tandoori-tawa-dhaba,https://www.google.com/maps/place/Tandoori+%26+Tawa+Dhaba/data=!4m2!3m1!1s0x8090150040fe3fad:0x5c6225cc1b3417e2,"“The food is consistently delicious — their butter chicken, paneer tikka, and naan are simply outstanding.”","Truck Parking, California",Medium,Near I-5 · CA,No,Yes,Yes,Google Maps,37.837973,-121.306784,(209) 929-9320,Monday: 8:00 AM – 10:00 PM | Tuesday: 8:00 AM – 10:00 PM | Wednesday: 8:00 AM – 10:00 PM | Thursday: 8:00 AM – 10:00 PM | Friday: 8:00 AM – 10:00 PM | Saturday: 8:00 AM – 10:00 PM | Sunday: 11:00 AM – 10:00 PM,"7400 S El Dorado St, French Camp, CA 95231, USA"
Sandhu Dhaba,sandhu-dhaba,https://www.google.com/maps/place/Sandhu+Dhaba/data=!4m2!3m1!1s0x809045eeac6b53cd:0xe9dcd2eeb63f46a1,,"Truck Parking, California",Medium,Near I-5 · CA,No,Yes,Yes,Google Maps,37.706121,-121.154284,(209) 397-3694,Monday: 8:30 AM – 9:00 PM | Tuesday: 8:30 AM – 9:00 PM | Wednesday: 8:30 AM – 9:00 PM | Thursday: 8:30 AM – 9:00 PM | Friday: 8:30 AM – 9:00 PM | Saturday: 8:30 AM – 9:00 PM | Sunday: 9:00 AM – 9:00 PM,"1022 Frontage Rd suite a, Ripon, CA 95366, USA"
Mangi da Dhaba,mangi-da-dhaba,https://www.google.com/maps/place/Mangi+da+Dhaba/data=!4m2!3m1!1s0x80906d002dd74b15:0x106e845d30bc8b2b,,"Truck Parking, California",Medium,Near I-5 · CA,No,Yes,Yes,Google Maps,37.942243,-121.219373,(209) 302-6413,Monday: Open 24 hours | Tuesday: Open 24 hours | Wednesday: Open 24 hours | Thursday: Open 24 hours | Friday: Open 24 hours | Saturday: Open 24 hours | Sunday: Open 24 hours,"4124 E Mariposa Rd, Stockton, CA 95215, USA"
Ghar Di Roti Punjabi Dhaba,ghar-di-roti-punjabi-dhaba,https://www.google.com/maps/place/Ghar+Di+Roti+Punjabi+Dhaba/data=!4m2!3m1!1s0x80ea6b048d3ea23d:0x718564197e28e191,"“Yummy chicken curry, mix veg, kadhi pakora and garam fresh whole wheat roti just like moms cook at home.”","Truck Parking, California",Medium,Near I-5 · CA,No,Yes,Yes,Google Maps,35.330452,-118.992233,(661) 493-1915,Monday: Open 24 hours | Tuesday: Open 24 hours | Wednesday: Open 24 hours | Thursday: Open 24 hours | Friday: Open 24 hours | Saturday: Open 24 hours | Sunday: Open 24 hours,"998 S Dr. Martin Luther King Jr. Blvd, Bakersfield, CA 93307, USA"
Kaler Punjabi Dhaba,kaler-punjabi-dhaba,https://www.google.com/maps/place/Kaler+Punjabi+Dhaba/data=!4m2!3m1!1s0x80ea6b2b85ffd9f5:0x51c80f8d5c4d5175,,"Truck Parking, California",Medium,Near I-5 · CA,No,Yes,Yes,Google Maps,35.300975,-118.99398,(661) 749-0009,Monday: Open 24 hours | Tuesday: Open 24 hours | Wednesday: Open 24 hours | Thursday: Open 24 hours | Friday: Open 24 hours | Saturday: Open 24 hours | Sunday: Open 24 hours,"1601 S Union Ave, Bakersfield, CA 93307, USA"
Royal Punjabi Rasoi,royal-punjabi-rasoi,https://www.google.com/maps/place/Royal+Punjabi+Rasoi/data=!4m2!3m1!1s0x80ea6bfe39e8720f:0x8cf079822c7e99d7,"“We had aloo parathas and lassi, both of which were excellent.”","Truck Parking, Seating, California",Medium,Near I-5 · CA,No,Yes,Yes,Google Maps,35.387051,-118.956552,(661) 699-6506,Monday: 9:30 AM – 9:30 PM | Tuesday: 9:30 AM – 9:30 PM | Wednesday: 9:30 AM – 9:30 PM | Thursday: 9:30 AM – 9:30 PM | Friday: 9:30 AM – 9:30 PM | Saturday: 9:30 AM – 9:30 PM | Sunday: 9:30 AM – 1:00 PM,"3150 Panama Ln Suit B, Bakersfield, CA 93313, USA"
Sandhu Punjabi Dhaba 2,sandhu-punjabi-dhaba-2,https://www.google.com/maps/place/Sandhu+Punjabi+Dhaba+2/data=!4m2!3m1!1s0x80ea59424f00c171:0x7bcc01f9db9a4206,"“We had ordered paneer burji, roti, Dahi paratha, samosa chat, chola bhatura, and lassi.”","Truck Parking, California",Medium,Near I-5 · CA,No,Yes,Yes,Google Maps,35.508615,-119.159979,(661) 549-0094,Monday: Open 24 hours | Tuesday: Open 24 hours | Wednesday: Open 24 hours | Thursday: Open 24 hours | Friday: Open 24 hours | Saturday: Open 24 hours | Sunday: Open 24 hours,"17070 Riviera St, Bakersfield, CA 93308, USA"
The Great Indian Cafe,the-great-indian-cafe,https://www.google.com/maps/place/The+Great+Indian+Cafe/data=!4m2!3m1!1s0x80ea47005c2a26cb:0xe8f5336b4e7a71c,"“We tried veggie food, dal tadka , rice, and veg biryani.”","Truck Parking, Seating, California",Medium,Near I-5 · CA,No,Yes,Yes,Google Maps,35.286033,-119.183922,(661) 820-4842,Monday: 5:00 AM – 1:00 AM | Tuesday: 5:00 AM – 1:00 AM | Wednesday: 5:00 AM – 1:00 AM | Thursday: 5:00 AM – 1:00 AM | Friday: 5:00 AM – 1:00 AM | Saturday: 5:00 AM – 1:00 AM | Sunday: 5:00 AM – 1:00 AM,"20404 Taft Hwy, Bakersfield, CA 93311, USA"
Ghar Di Roti Punjabi Dhaba 2,ghar-di-roti-punjabi-dhaba-2,https://www.google.com/maps/place/Ghar+Di+Roti+Punjabi+Dhaba+2/data=!4m2!3m1!1s0x80ea153cb06b7499:0x4b83f6cef1ebc843,,"Truck Parking, California",Medium,Near I-5 · CA,No,Yes,Yes,Google Maps,35.277391,-119.01173,(661) 493-1916,Monday: Open 24 hours | Tuesday: 10:00 AM – 10:00 PM | Wednesday: 9:30 AM – 12:00 AM | Thursday: Open 24 hours | Friday: Open 24 hours | Saturday: Open 24 hours | Sunday: Open 24 hours,"10402 Compagnoni St, Bakersfield, CA 93313, USA"
Ronak Dhaba,ronak-dhaba,https://www.google.com/maps/place/Ronak+Dhaba/data=!4m2!3m1!1s0x80ea6b8ddb3cdf11:0x3613652ce9f7dfbe,,"Truck Parking, California",Medium,Near I-5 · CA,No,Yes,Yes,Google Maps,35.361924,-118.962558,(661) 493-1596,Monday: 9:00 AM – 9:00 PM | Tuesday: 9:00 AM – 9:00 PM | Wednesday: 9:00 AM – 9:00 PM | Thursday: 9:00 AM – 9:00 PM | Friday: 9:00 AM – 9:00 PM | Saturday: 9:00 AM – 9:00 PM | Sunday: 11:00 AM – 9:00 PM,"2546 S Union Ave, Bakersfield, CA 93307, USA"
The Royal Indian Cuisine,the-royal-indian-cuisine,https://www.google.com/maps/place/The+Royal+Indian+Cuisine/data=!4m2!3m1!1s0x80ea6d1d77ab4483:0x3a98dcbcc1d1cb3,,"Truck Parking, Seating, California",Medium,Near I-5 · CA,No,Yes,Yes,Google Maps,35.348765,-118.905374,(661) 444-7646,Monday: 7:00 AM – 9:30 PM | Tuesday: 7:00 AM – 9:30 PM | Wednesday: 7:00 AM – 9:30 PM | Thursday: 7:00 AM – 9:30 PM | Friday: 7:00 AM – 9:30 PM | Saturday: 7:00 AM – 9:30 PM | Sunday: 7:00 AM – 9:30 PM,"8247 Kimber Ave, Bakersfield, CA 93307, USA"
Sandhu Punjabi Dhaba,sandhu-punjabi-dhaba,https://www.google.com/maps/place/Sandhu+Punjabi+Dhaba/data=!4m2!3m1!1s0x80eb11572a41df8d:0x93889174047ace46,,"Truck Parking, California",Medium,Near I-5 · CA,No,Yes,Yes,Google Maps,35.666032,-119.69073,(661) 496-5240,Monday: Open 24 hours | Tuesday: Open 24 hours | Wednesday: Open 24 hours | Thursday: Open 24 hours | Friday: Open 24 hours | Saturday: Open 24 hours | Sunday: Open 24 hours,"14831 Warren St, Lost Hills, CA 93249, USA"
San Simon Travel Center,san-simon-travel-center,https://www.google.com/maps/place/San+Simon+Travel+Center/data=!4m2!3m1!1s0x86d9cb224ba2e58f:0xe6e7aadbabd7bade,,"Truck Parking, Gas, Showers, Arizona",Medium,Near I-10 · AZ,Yes,Yes,Yes,Google Maps,32.271697,-109.24328,(520) 845-2500,Monday: Open 24 hours | Tuesday: Open 24 hours | Wednesday: Open 24 hours | Thursday: Open 24 hours | Friday: Open 24 hours | Saturday: Open 24 hours | Sunday: Open 24 hours,"2500 I-10BL, San Simon, AZ 85632, USA"
"Flavor of India | Best Indian Restaurant Eloy | Best Indian Curry | Indian 
Food",flavor-of-india-best-indian-restaurant-eloy-best-indian-curry-indian-food,https://www.google.com/maps/place/Flavor+of+India+%7C+Best+Indian+Restaurant+Eloy+%7C+Best+Indian+Curry+%7C+Indian+%0AFood/data=!4m2!3m1!1s0x872a6fcb1d09a429:0xba2b74dfc14b87a2,"“I order the butter chicken which came with rice, and the garlic naan and tandoori roti.”","Truck Parking, Seating, Arizona",Medium,Near I-10 · AZ,No,Yes,Yes,Google Maps,32.774817,-111.620435,(520) 466-3000,Monday: 7:00 AM – 10:00 PM | Tuesday: 7:00 AM – 10:00 PM | Wednesday: 7:00 AM – 10:00 PM | Thursday: 7:00 AM – 10:00 PM | Friday: 7:00 AM – 10:00 PM | Saturday: 7:00 AM – 10:00 PM | Sunday: 7:00 AM – 10:00 PM,"3300 N Chesley Rd, Eloy, AZ 85131, USA"
Brothers Restaurant/Punjabi Dhaba,brothers-restaurantpunjabi-dhaba,https://www.google.com/maps/place/Brothers+Restaurant%2FPunjabi+Dhaba/data=!4m2!3m1!1s0x80cde14fc7c386c3:0x73bf79f58619f501,"“Never been a fan of butter chicken, but the guys here launched a new tandoori style butter chicken and it was absolutely delicious Please ask server as may not yet be on the menu.”","Truck Parking, Seating, Nevada",Medium,Near I-40 · AZ,Yes,Yes,Yes,Google Maps,35.081319,-114.058524,(928) 385-8999,Monday: Open 24 hours | Tuesday: Open 24 hours | Wednesday: Open 24 hours | Thursday: Open 24 hours | Friday: Open 24 hours | Saturday: Open 24 hours | Sunday: Open 24 hours,"Located inside Crazy Fred’s Truck stop, 2770 Historic Rte 66, Kingman, AZ 86401, USA"
Kohinoor Dhaba Indian Food (Punjabi Dhaba),kohinoor-dhaba-indian-food-punjabi-dhaba,https://www.google.com/maps/place/Kohinoor+Dhaba+Indian+Food+(Punjabi+Dhaba)/data=!4m2!3m1!1s0x80ce01df14a185f7:0xddbb8afc15a86667,,"Truck Parking, California",Medium,Near I-40 · AZ,No,Yes,Yes,Google Maps,34.789783,-114.211165,(928) 458-6336,Monday: Open 24 hours | Tuesday: Open 24 hours | Wednesday: Open 24 hours | Thursday: Open 24 hours | Friday: Open 24 hours | Saturday: Open 24 hours | Sunday: Open 24 hours,"12470 Frontage Rd, Yucca, AZ 86438, USA"
Indian Food - Punjabi Dhaba,indian-food---punjabi-dhaba,https://www.google.com/maps/place/Indian+Food+-+Punjabi+Dhaba/data=!4m2!3m1!1s0x872b4be697e67729:0x89764a596c00f25d,"“I had chicken tikka masala and garlic naan, it was probably the best indian meal i’ve had in the valley.”","Truck Parking, Arizona",Medium,Near I-10 · AZ,No,Yes,Yes,Google Maps,33.510982,-112.531998,(480) 431-6479,Monday: 10:00 AM – 9:00 PM | Tuesday: 10:00 AM – 9:00 PM | Wednesday: 10:00 AM – 9:00 PM | Thursday: 10:00 AM – 9:00 PM | Friday: 10:00 AM – 9:00 PM | Saturday: 10:00 AM – 9:00 PM | Sunday: Closed,"25240 W Pima St, Buckeye, AZ 85326, USA"
Taste of Pakistan,taste-of-pakistan,https://www.google.com/maps/place/Taste+of+Pakistan/data=!4m2!3m1!1s0x8636f7a99be5bf55:0x130a94034a141e8d,"“The naan is warm and fresh, the curry and butter chicken is so flavorful.”","Truck Parking, Texas",Medium,I-20 · TX,No,Yes,Yes,Google Maps,32.500594,-94.358706,(903) 702-7918,Monday: 10:00 AM – 10:00 PM | Tuesday: 10:00 AM – 10:00 PM | Wednesday: 10:00 AM – 10:00 PM | Thursday: 10:00 AM – 10:00 PM | Friday: 10:00 AM – 10:00 PM | Saturday: 10:00 AM – 10:00 PM | Sunday: 10:00 AM – 10:00 PM,"304 I-20, Marshall, TX 75670, USA"
24 Seven Travel Plaza,24-seven-travel-plaza,https://www.google.com/maps/place/24+Seven+Travel+Plaza/data=!4m2!3m1!1s0x80ea6cf924283977:0x2feea8d01eeb6112,,"Truck Parking, Gas, Showers, California",Medium,Near I-5 · CA,Yes,Yes,Yes,Google Maps,35.356365,-118.913051,(661) 364-0630,Monday: Open 24 hours | Tuesday: Open 24 hours | Wednesday: Open 24 hours | Thursday: Open 24 hours | Friday: Open 24 hours | Saturday: Open 24 hours | Sunday: Open 24 hours,"209 Weedpatch Hwy, Bakersfield, CA 93307, USA"
"Punjabi Dhaba Dixon, Truck Parking, Indian Food",punjabi-dhaba-dixon-truck-parking-indian-food,"https://www.google.com/maps/place/Punjabi+Dhaba+Dixon,+Truck+Parking,+Indian+Food/data=!4m2!3m1!1s0x808525bed03d4327:0x970f3926107493b3",,"Truck Parking, California",Medium,Near I-80 · CA,No,Yes,Yes,Google Maps,38.459481,-121.838561,(707) 693-6682,Monday: Closed | Tuesday: 10:00 AM – 9:00 PM | Wednesday: 10:00 AM – 9:00 PM | Thursday: 10:00 AM – 9:00 PM | Friday: 10:00 AM – 9:00 PM | Saturday: 10:00 AM – 9:00 PM | Sunday: 10:00 AM – 9:00 PM,"7800 Batavia Rd, Dixon, CA 95620, USA"
Punj Truck Stop & Indian restaurant,punj-truck-stop-indian-restaurant,https://www.google.com/maps/place/Punj+Truck+Stop+%26+Indian+restaurant/data=!4m2!3m1!1s0x86343bf5ab9adaa7:0x4f15592179f60a5f,,"Truck Parking, Gas, Showers, Seating, Texas",Medium,US-59 · TX,Yes,Yes,Yes,Google Maps,33.260131,-94.153743,(903) 796-9131,Monday: 6:00 AM – 12:00 AM | Tuesday: 6:00 AM – 12:00 AM | Wednesday: 6:00 AM – 12:00 AM | Thursday: 6:00 AM – 12:00 AM | Friday: 6:00 AM – 12:00 AM | Saturday: 6:00 AM – 12:00 AM | Sunday: 6:00 AM – 12:00 AM,"22263 US-59, Queen City, TX 75572, USA"
323 Dhaba Punjabi Veg Kitchen,323-dhaba-punjabi-veg-kitchen,https://www.google.com/maps/place/323+Dhaba+Punjabi+Veg+Kitchen/data=!4m2!3m1!1s0x89b5f90f1bc3f02b:0xcb7deaa0a541a520,"“The parathas, kadhi chawal, makki ki roti and saag, Amritsari kulche and chole bhature were all awesome!”","Truck Parking, Virginia",Medium,Near I-81 · WV,No,Yes,Yes,Google Maps,39.31191,-78.057641,(304) 620-4483,Monday: 10:00 AM – 10:00 PM | Tuesday: 10:00 AM – 10:00 PM | Wednesday: 10:00 AM – 10:00 PM | Thursday: 10:00 AM – 10:00 PM | Friday: 10:00 AM – 10:00 PM | Saturday: 10:00 AM – 10:00 PM | Sunday: 10:00 AM – 10:00 PM,"12828 Winchester Ave, Bunker Hill, WV 25413, USA"
Punjabi Dhaba Indian cuisine #1 Hammond,punjabi-dhaba-indian-cuisine-1-hammond,https://www.google.com/maps/place/Punjabi+Dhaba+Indian+cuisine+%231+Hammond/data=!4m2!3m1!1s0x8627232916555555:0x55e9ea87ae6bb037,,"Truck Parking, Seating, Louisiana",Medium,Near I-10 · LA,No,Yes,Yes,Google Maps,30.47691,-90.456576,(985) 320-0806,Monday: Closed | Tuesday: 11:00 AM – 9:45 PM | Wednesday: 11:00 AM – 9:45 PM | Thursday: 11:00 AM – 9:45 PM | Friday: 11:00 AM – 9:45 PM | Saturday: 11:00 AM – 9:45 PM | Sunday: 11:00 AM – 9:00 PM,"2201 SW Railroad Ave, Hammond, LA 70403, USA"
Indian Food Hub,indian-food-hub,https://www.google.com/maps/place/Indian+Food+Hub/data=!4m2!3m1!1s0x8718c756d4d03eb5:0x803478c4abf156eb,"“Items tend to change day by day, with few common ones like Paratha, Samosa, Roti and alike.”","Truck Parking, Colorado",Medium,Near I-40 · NM,No,Yes,Yes,Google Maps,35.075898,-106.152251,(505) 312-7957,Monday: 6:00 AM – 7:00 PM | Tuesday: 6:00 AM – 12:00 AM | Wednesday: 6:00 AM – 12:00 AM | Thursday: 6:00 AM – 12:00 AM | Friday: 6:00 AM – 12:00 AM | Saturday: 6:00 AM – 12:00 AM | Sunday: 6:00 AM – 12:00 AM,"1703 U.S. Rte 66, Moriarty, NM 87035, USA"
Buffalo Indian Restaurant,buffalo-indian-restaurant,https://www.google.com/maps/place/Buffalo+Indian+Restaurant/data=!4m2!3m1!1s0x87688f0a1d071e8b:0xfdb443bc1af55ebf,"“The samosas, can, Iamb vindaloo, and kheer rival that of some of the finest Indian restaurants across the country.”","Truck Parking, Seating, New York",Medium,Near I-80 · WY,No,Yes,Yes,Google Maps,41.294904,-105.642158,(307) 460-2788,Monday: 11:00 AM – 9:00 PM | Tuesday: 11:00 AM – 9:00 PM | Wednesday: 11:00 AM – 9:00 PM | Thursday: 11:00 AM – 9:00 PM | Friday: 11:00 AM – 9:00 PM | Saturday: 11:00 AM – 9:00 PM | Sunday: 11:00 AM – 9:00 PM,"1502 S 3rd St, Laramie, WY 82070, USA"
Antelope Restaurant,antelope-restaurant,https://www.google.com/maps/place/Antelope+Restaurant/data=!4m2!3m1!1s0x876f0615a58bac5b:0x85d71869979af465,"“The samosa plate, parathas and chai were all amazing.”","Truck Parking, Seating, Wyoming",Medium,I-80 · WY,Yes,Yes,Yes,Google Maps,41.158562,-104.358085,(307) 547-3355,Monday: 6:00 AM – 8:00 PM | Tuesday: 6:00 AM – 8:00 PM | Wednesday: 6:00 AM – 8:00 PM | Thursday: 6:00 AM – 8:00 PM | Friday: 6:00 AM – 8:00 PM | Saturday: 6:00 AM – 8:00 PM | Sunday: 6:00 AM – 8:00 PM,"4850 Interstate 80 Service Rd #1, Burns, WY 82053, USA"
Flavors Of India (24hrs Monday to Friday) Dhaba,flavors-of-india-24hrs-monday-to-friday-dhaba,https://www.google.com/maps/place/Flavors+Of+India+(24hrs+Monday+to+Friday)+Dhaba/data=!4m2!3m1!1s0x80c3683ae678cefb:0x1e96042b014191f3,,"Truck Parking, California",Medium,Near I-15 · CA,No,Yes,Yes,Google Maps,34.411244,-117.394538,(760) 947-5002,Monday: Open 24 hours | Tuesday: Open 24 hours | Wednesday: Open 24 hours | Thursday: Open 24 hours | Friday: Open 24 hours | Saturday: 12:00 AM – 8:00 PM | Sunday: 11:00 AM – 12:00 AM,"8853 Three Flags Road #501, Hesperia, CA 92344, USA"
Yreka Punjabi Dhaba ਪੰਜਾਬੀ ਢਾਬਾ,yreka-punjabi-dhaba,https://www.google.com/maps/place/Yreka+Punjabi+Dhaba+%E0%A8%AA%E0%A9%B0%E0%A8%9C%E0%A8%BE%E0%A8%AC%E0%A9%80+%E0%A8%A2%E0%A8%BE%E0%A8%AC%E0%A8%BE/data=!4m2!3m1!1s0x54ce45e6b229eb99:0x88ac83f02e4a1eeb,“They make these Punjabi paneer and chicken wraps but the wrap is made of naan.”,"Truck Parking, California",Medium,Near I-5 · CA,No,Yes,Yes,Google Maps,41.735667,-122.650991,(530) 730-0037,Monday: 8:00 AM – 10:00 PM | Tuesday: 8:00 AM – 10:00 PM | Wednesday: 8:00 AM – 10:00 PM | Thursday: 8:00 AM – 10:00 PM | Friday: 8:00 AM – 10:00 PM | Saturday: 8:00 AM – 10:00 PM | Sunday: 8:00 AM – 10:00 PM,"787 Montague Rd, Yreka, CA 96097, USA"
Missouri Dhaba,missouri-dhaba,https://www.google.com/maps/place/Missouri+Dhaba/data=!4m2!3m1!1s0x87c8a30d1c5b8e83:0xdd82301c9e2ad3bb,"“I ordered Shahi Paneer, Butter Chicken, and Chapatis, and everything was absolutely delicious.”","Truck Parking, Missouri",Medium,Near I-44 · MO,No,Yes,Yes,Google Maps,37.092884,-94.009985,(417) 444-3284,Monday: Open 24 hours | Tuesday: Open 24 hours | Wednesday: Open 24 hours | Thursday: Open 24 hours | Friday: Open 24 hours | Saturday: Open 24 hours | Sunday: Open 24 hours,"1391 Lawrence 2140, Sarcoxie, MO 64862, USA"
India Restaurant,india-restaurant,https://www.google.com/maps/place/India+Restaurant/data=!4m2!3m1!1s0x87cbc08be7b3d907:0xa1e7c7dab077eb07,,"Truck Parking, Seating, Texas",Medium,Near I-40 · AR,No,Yes,Yes,Google Maps,35.512829,-94.114421,(479) 997-1917,Monday: 9:00 AM – 9:00 PM | Tuesday: 9:00 AM – 9:00 PM | Wednesday: 9:00 AM – 9:00 PM | Thursday: 9:00 AM – 9:00 PM | Friday: 9:00 AM – 9:00 PM | Saturday: 9:00 AM – 9:00 PM | Sunday: 9:00 AM – 9:00 PM,"1107 Georgia Ridge Dr, Mulberry, AR 72947, USA"
Preet Dhaba,preet-dhaba,https://www.google.com/maps/place/Preet+Dhaba/data=!4m2!3m1!1s0x87ac0728202b9017:0x474f8e5ed7383292,"“The aloo paratha was lit 🔥 — soft, flavorful, and clearly made fresh.”","Truck Parking, Texas",Medium,Near I-40 · OK,No,Yes,Yes,Google Maps,35.471311,-99.145774,(805) 468-5339,Monday: 8:00 AM – 9:00 PM | Tuesday: 8:00 AM – 9:00 PM | Wednesday: 8:00 AM – 9:00 PM | Thursday: 8:00 AM – 9:00 PM | Friday: 8:00 AM – 9:00 PM | Saturday: 8:00 AM – 9:00 PM | Sunday: 8:00 AM – 9:00 PM,"10874 OK-44, Foss, OK 73647, USA"
Apna Punjabi Dhaba,apna-punjabi-dhaba,https://www.google.com/maps/place/Apna+Punjabi+Dhaba/data=!4m2!3m1!1s0x8838a58496ce8415:0x93dd0366d9d75981,“I travel all over ohio for work and I eat indian food twice a week or more and this was hands down the best Tikka Masala I've ever had.”,"Truck Parking, Ohio",Medium,US-42 · OH,No,Yes,Yes,Google Maps,39.91145,-83.41263,(740) 604-2578,,"870 US-42, London, OH 43140, USA"
Indian Dhaba,indian-dhaba,https://www.google.com/maps/place/Indian+Dhaba/data=!4m2!3m1!1s0x864cff494336fbb5:0xbe3126ce2d5708e7,“I also order the rice and Garlic Naan to accompany my Butter Chicken.”,"Truck Parking, Texas",Medium,US-82 · TX,No,Yes,Yes,Google Maps,33.615707,-97.012915,(940) 291-4750,Monday: 10:00 AM – 9:00 PM | Tuesday: 10:00 AM – 9:00 PM | Wednesday: 10:00 AM – 9:00 PM | Thursday: 10:00 AM – 9:00 PM | Friday: 10:00 AM – 9:00 PM | Saturday: 10:00 AM – 9:00 PM | Sunday: 10:00 AM – 9:00 PM,"5101 US-82, Gainesville, TX 76240, USA"
Punjabi dhaba,punjabi-dhaba,https://www.google.com/maps/place/Punjabi+dhaba/data=!4m2!3m1!1s0x886491d81427b86f:0x957e2452ff1b5586,,"Truck Parking, Tennessee",Medium,Near I-40 · TN,No,Yes,Yes,Google Maps,36.108853,-87.063475,(731) 927-1062,Monday: 11:00 AM – 8:00 PM | Tuesday: 8:00 AM – 9:00 PM | Wednesday: 8:00 AM – 9:00 PM | Thursday: 8:00 AM – 9:00 PM | Friday: 8:00 AM – 9:00 PM | Saturday: 8:00 AM – 9:00 PM | Sunday: 8:00 AM – 9:00 PM,"132 Petro Rd, Kingston Springs, TN 37082, USA"
The Punjabi Dhaba | Indian Cuisine,the-punjabi-dhaba-indian-cuisine,https://www.google.com/maps/place/The+Punjabi+Dhaba+%7C+Indian+Cuisine/data=!4m2!3m1!1s0x8094f59cbf5f0ff3:0xe334cdd780216e96,"“We also ordered papri chaat, chilli chicken, dal makhani, malai kofta, and desi murgha with chilli naan and butter naan.”","Truck Parking, Seating, California",Medium,,No,Yes,Yes,Google Maps,36.680283,-119.738252,(559) 761-1600,Monday: 9:00 AM – 7:00 PM | Tuesday: 9:00 AM – 7:00 PM | Wednesday: 9:00 AM – 7:00 PM | Thursday: 9:00 AM – 7:00 PM | Friday: 9:00 AM – 7:00 PM | Saturday: 9:00 AM – 7:00 PM | Sunday: Closed,"3767 S Golden State Blvd, Fresno, CA 93725, USA"
99 Punjabi Dhaba,99-punjabi-dhaba,https://www.google.com/maps/place/99+Punjabi+Dhaba/data=!4m2!3m1!1s0x8094e1d37d4323ab:0xf32179ae1a27311f,"“Me and my wife tried Butter Chicken, Biryani, Naan, and Amritsari Kulcha, and everything was absolutely delicious!”","Truck Parking, California",Medium,,No,Yes,Yes,Google Maps,36.502241,-119.423787,(510) 631-6421,Monday: 7:30 AM – 11:00 PM | Tuesday: 7:30 AM – 11:00 PM | Wednesday: 7:30 AM – 11:00 PM | Thursday: 7:30 AM – 11:00 PM | Friday: 7:30 AM – 11:00 PM | Saturday: 7:30 AM – 11:00 PM | Sunday: Closed,"36220 Golden State Hwy, Traver, CA 93673, USA"
Maharaja Indian food,maharaja-indian-food,https://www.google.com/maps/place/Maharaja+Indian+food/data=!4m2!3m1!1s0x80eb1195ed7bea9f:0x52954bebe3a4b842,,"Truck Parking, Seating, California",Medium,Near I-5 · CA,No,Yes,Yes,Google Maps,35.622167,-119.673846,(661) 817-9737,Monday: 7:30 AM – 10:00 PM | Tuesday: 7:30 AM – 10:00 PM | Wednesday: 7:30 AM – 10:00 PM | Thursday: 7:30 AM – 10:00 PM | Friday: 7:30 AM – 10:00 PM | Saturday: 8:00 AM – 9:00 PM | Sunday: 8:00 AM – 9:00 PM,"14814 Aloma St, Lost Hills, CA 93249, USA"
Punjabi Indian Restaurant,punjabi-indian-restaurant,https://www.google.com/maps/place/Punjabi+Indian+Restaurant/data=!4m2!3m1!1s0x86dec40e0d8d8d23:0x2f9953d5af199dc0,"“We ordered the Tikka Masala, Butter Chicken, Chicken Biryani, and two Naan breads.”","Truck Parking, Seating, New Mexico",Medium,Near I-10 · NM,No,Yes,Yes,Google Maps,32.266158,-107.774245,(720) 620-3333,Monday: 7:00 AM – 9:00 PM | Tuesday: 7:00 AM – 9:00 PM | Wednesday: 7:00 AM – 9:00 PM | Thursday: 7:00 AM – 9:00 PM | Friday: 7:00 AM – 9:00 PM | Saturday: 7:00 AM – 9:00 PM | Sunday: 7:00 AM – 9:00 PM,"1310 W Spruce St, Deming, NM 88030, USA"
Punjabi Dhaba,punjabi-dhaba,https://www.google.com/maps/place/Punjabi+Dhaba/data=!4m2!3m1!1s0x864d8fb7060a5aa7:0xc2061d8251e5aecc,"“We ordered dal fry, chicken kebabs, nawabi mutton and chai Everything was super tasty.”","Truck Parking, Texas",Medium,US-287 · TX,No,Yes,Yes,Google Maps,33.34705,-97.636156,(817) 506-5100,Monday: 7:00 AM – 10:00 PM | Tuesday: 7:00 AM – 10:00 PM | Wednesday: 7:00 AM – 10:00 PM | Thursday: 7:00 AM – 10:00 PM | Friday: 7:00 AM – 10:00 PM | Saturday: 7:00 AM – 10:00 PM | Sunday: 7:00 AM – 10:00 PM,"4566 US-287, Alvord, TX 76225, USA"
Swaad Stop,swaad-stop,https://www.google.com/maps/place/Swaad+Stop/data=!4m2!3m1!1s0x872fa7fb51deba63:0x4585e088691a02f3,"“We ordered aloo gobhi, chicken tikka masala, chicken curry, goat curry, along with garlic naan and roti.”","Truck Parking, Arizona",Medium,Near I-40 · AZ,No,Yes,Yes,Google Maps,34.906776,-110.133578,(928) 294-5796,Monday: Closed | Tuesday: 8:00 AM – 8:00 PM | Wednesday: 8:00 AM – 8:00 PM | Thursday: 8:00 AM – 8:00 PM | Friday: 8:00 AM – 8:00 PM | Saturday: 8:00 AM – 8:00 PM | Sunday: 8:00 AM – 8:00 PM,"1851 State Hwy 77, Holbrook, AZ 86025, USA"
Taste of India & Indian Cuisine Alabama,taste-of-india-indian-cuisine-alabama,https://www.google.com/maps/place/Taste+of+India+%26+Indian+Cuisine+Alabama/data=!4m2!3m1!1s0x88844b787627863f:0x6f925f4de4df2bae,"“I asked the owner/staff what they would order (chicken saag, rice, roti).”","Truck Parking, Seating, Alabama",Medium,Near I-20 · AL,No,Yes,Yes,Google Maps,32.624419,-88.207159,(205) 652-2666,Monday: 6:00 AM – 10:00 PM | Tuesday: 6:00 AM – 10:00 PM | Wednesday: 6:00 AM – 10:00 PM | Thursday: 6:00 AM – 10:00 PM | Friday: 6:00 AM – 10:00 PM | Saturday: 6:00 AM – 10:00 PM | Sunday: 6:00 AM – 10:00 PM,"651 AL-28, Livingston, AL 35470, USA"
Taste of India,taste-of-india,https://www.google.com/maps/place/Taste+of+India/data=!4m2!3m1!1s0x879ebd6280b9ade7:0xa36813fefef88f38,“He ordered a plain Naan a garlic Naan ($4 a piece) 2 samosas and a Vindaloo chicken dish.”,"Truck Parking, Nebraska",Medium,Near I-80 · NE,No,Yes,Yes,Google Maps,40.696974,-99.544802,(308) 987-2111,Monday: 6:30 AM – 10:00 PM | Tuesday: 6:30 AM – 10:00 PM | Wednesday: 6:30 AM – 10:00 PM | Thursday: 6:30 AM – 10:00 PM | Friday: 6:30 AM – 10:00 PM | Saturday: 6:30 AM – 10:00 PM | Sunday: 6:30 AM – 10:00 PM,"74975 444th Rd, Overton, NE 68863, USA"
Punjabi Dhaba,punjabi-dhaba,https://www.google.com/maps/place/Punjabi+Dhaba/data=!4m2!3m1!1s0x80ac2fe9308f1bbb:0xef97343c2487e482,"“Goat curry, butter chicken and Kadhai paneer were awesome.”","Truck Parking, Utah",Medium,I-80 · UT,No,Yes,Yes,Google Maps,40.745559,-113.969476,(435) 665-2929,Monday: Open 24 hours | Tuesday: Open 24 hours | Wednesday: Open 24 hours | Thursday: Open 24 hours | Friday: Open 24 hours | Saturday: Open 24 hours | Sunday: Open 24 hours,"I-80 exit 4, Wendover, UT 84083, USA"
Punjabi Dhaba,punjabi-dhaba,https://www.google.com/maps/place/Punjabi+Dhaba/data=!4m2!3m1!1s0x80c4f0a76baf025f:0xc4598ea01a065678,“Indian paratha and daal roti very nice food Thanks for good service.!”,"Truck Parking, California",Medium,Near I-40 · CA,No,Yes,Yes,Google Maps,34.818752,-116.609423,(760) 257-3098,Monday: 6:00 AM – 12:00 AM | Tuesday: 6:00 AM – 12:00 AM | Wednesday: 6:00 AM – 12:00 AM | Thursday: 6:00 AM – 12:00 AM | Friday: 6:00 AM – 12:00 AM | Saturday: 6:00 AM – 12:00 AM | Sunday: 6:00 AM – 12:00 AM,"48243 Memorial Dr, Newberry Springs, CA 92365, USA"
Punjabi Dhaba,punjabi-dhaba,https://www.google.com/maps/place/Punjabi+Dhaba/data=!4m2!3m1!1s0x80cdc307dd480d3b:0xe3311d64f73ebae7,,"Truck Parking, Arizona",Medium,Near I-40 · AZ,No,Yes,Yes,Google Maps,35.235502,-113.907637,(928) 380-3620,Monday: 7:00 AM – 10:00 PM | Tuesday: 7:00 AM – 10:00 PM | Wednesday: 7:00 AM – 10:00 PM | Thursday: 7:00 AM – 10:00 PM | Friday: 7:00 AM – 10:00 PM | Saturday: 7:00 AM – 10:00 PM | Sunday: 7:00 AM – 10:00 PM,"2650 N Roundup Ave, Kingman, AZ 86401, USA"
I-40 Travel Plaza Punjabi Restaurant,i-40-travel-plaza-punjabi-restaurant,https://www.google.com/maps/place/I-40+Travel+Plaza+Punjabi+Restaurant/data=!4m2!3m1!1s0x87abc3217b5db73f:0xa5dfa398a2949,,"Truck Parking, Gas, Showers, Seating, Texas",Medium,Near I-40 · OK,Yes,Yes,Yes,Google Maps,35.340451,-99.594793,(580) 928-2500,Monday: Open 24 hours | Tuesday: Open 24 hours | Wednesday: Open 24 hours | Thursday: Open 24 hours | Friday: Open 24 hours | Saturday: Open 24 hours | Sunday: Open 24 hours,"11561 N 1900 Rd, Sayre, OK 73662, USA"
Punjabi Dhaba,punjabi-dhaba,https://www.google.com/maps/place/Punjabi+Dhaba/data=!4m2!3m1!1s0x87aa3bd88fa36e1f:0xcf06b086c4562265,"“The butter chicken was perfectly creamy, the tandoori naan came out hot and fluffy, and the dal makhani was slow-cooked to perfection with that signature smoky taste.”","Truck Parking, Texas",Medium,I-40 · TX,No,Yes,Yes,Google Maps,35.227947,-100.140078,(806) 256-5209,Monday: 7:00 AM – 11:00 PM | Tuesday: 7:00 AM – 11:00 PM | Wednesday: 7:00 AM – 11:00 PM | Thursday: 7:00 AM – 11:00 PM | Friday: 7:00 AM – 11:00 PM | Saturday: 7:00 AM – 11:00 PM | Sunday: 7:00 AM – 11:00 PM,"16421 I-40, Shamrock, TX 79079, USA"
Dhillon's Taste of India,dhillons-taste-of-india,https://www.google.com/maps/place/Dhillon's+Taste+of+India/data=!4m2!3m1!1s0x870359bec7d08115:0x5eadc8304f789dd7,,"Truck Parking, New Mexico",Medium,Near I-40 · NM,No,Yes,Yes,Google Maps,35.114765,-103.331433,(575) 576-0006,Monday: 7:00 AM – 9:30 PM | Tuesday: 7:00 AM – 9:30 PM | Wednesday: 7:00 AM – 9:30 PM | Thursday: 7:00 AM – 9:30 PM | Friday: 7:00 AM – 9:30 PM | Saturday: 7:00 AM – 9:30 PM | Sunday: 7:00 AM – 9:30 PM,"2405 NM-469, San Jon, NM 88434, USA"
Haveli Usa,haveli-usa,https://www.google.com/maps/place/Haveli+Usa/data=!4m2!3m1!1s0x87012964846b7e39:0x5a3e6b82d04c49ec,,"Truck Parking, Texas",Medium,I-40 · TX,No,Yes,Yes,Google Maps,35.281858,-101.402236,(806) 780-0000,,"9696 I-40 Frontage Rd, Panhandle, TX 79068, USA"
Sahib's Rasoi,sahibs-rasoi,https://www.google.com/maps/place/Sahib's+Rasoi/data=!4m2!3m1!1s0x886b590a09ebc505:0x8712c112f2baedd6,,"Truck Parking, Indiana",Medium,Near I-70 · IN,No,Yes,Yes,Google Maps,39.71349,-86.199714,(414) 712-3244,Monday: 9:00 AM – 9:00 PM | Tuesday: 9:00 AM – 9:00 PM | Wednesday: 9:00 AM – 9:00 PM | Thursday: 9:00 AM – 9:00 PM | Friday: 9:00 AM – 9:00 PM | Saturday: 9:00 AM – 9:00 PM | Sunday: 9:00 AM – 6:00 PM,"4585 S Harding St, Indianapolis, IN 46217, USA"
APNA DHABA INDIANA RESTAURANT,apna-dhaba-indiana-restaurant,https://www.google.com/maps/place/APNA+DHABA+INDIANA+RESTAURANT/data=!4m2!3m1!1s0x886ceb053df6bf69:0xdac3fe28e5c2c4c5,,"Truck Parking, Seating, Indiana",Medium,Near I-70 · IN,No,Yes,Yes,Google Maps,39.552634,-86.611956,(463) 999-1029,Monday: 7:00 AM – 12:00 AM | Tuesday: 7:00 AM – 12:00 AM | Wednesday: 7:00 AM – 12:00 AM | Thursday: 7:00 AM – 12:00 AM | Friday: 7:00 AM – 12:00 AM | Saturday: 7:00 AM – 12:00 AM | Sunday: 7:00 AM – 12:00 AM,"9620 N Little Point Rd, Stilesville, IN 46180, USA"
Spicy Bite Indian Restaurant,spicy-bite-indian-restaurant,https://www.google.com/maps/place/Spicy+Bite+Indian+Restaurant/data=!4m2!3m1!1s0x872383788749fc63:0x66aa3dc748fd8987,"“They place is good every though you can’t say everything is good on their menu, I tried their shaahi paneer n garlic naan which was good but their TEA man!!”","Truck Parking, Seating, New Mexico",Medium,Near I-40 · NM,No,Yes,Yes,Google Maps,35.180705,-107.905386,(505) 356-0044,Monday: 7:00 AM – 11:00 PM | Tuesday: 7:00 AM – 11:00 PM | Wednesday: 7:00 AM – 11:00 PM | Thursday: 7:00 AM – 11:00 PM | Friday: 7:00 AM – 11:00 PM | Saturday: 7:00 AM – 11:00 PM | Sunday: 7:00 AM – 11:00 PM,"1203-1299 Motel Dr, Milan, NM 87021, USA"
Panjabi Dhaba,panjabi-dhaba,https://www.google.com/maps/place/Panjabi+Dhaba/data=!4m2!3m1!1s0x8815b11e1e07c407:0x956194b76c3b4751,,"Truck Parking, Indiana",Medium,Near I-69 · IN,No,Yes,Yes,Google Maps,40.765201,-85.478843,(260) 375-2888,Monday: 6:00 AM – 11:30 PM | Tuesday: 6:00 AM – 11:30 PM | Wednesday: 6:00 AM – 11:30 PM | Thursday: 6:00 AM – 11:30 PM | Friday: 6:00 AM – 11:30 PM | Saturday: 6:00 AM – 11:30 PM | Sunday: 6:00 AM – 11:30 PM,"7270 S Warren Rd, Warren, IN 46792, USA"
Rasoi Indian Kitchen,rasoi-indian-kitchen,https://www.google.com/maps/place/Rasoi+Indian+Kitchen/data=!4m2!3m1!1s0x886acd8ed5c15af5:0xb13802d9350e89c3,"Traditional Indian fare, including vegetarian & vegan options, in a modest dining room.","Truck Parking, Indiana",Medium,Near I-70 · IN,No,Yes,Yes,Google Maps,39.837526,-85.432139,(765) 987-6140,Monday: Open 24 hours | Tuesday: Open 24 hours | Wednesday: Open 24 hours | Thursday: Open 24 hours | Friday: Open 24 hours | Saturday: Open 24 hours | Sunday: Open 24 hours,"5809 S State Rd, Spiceland, IN 47385, USA"
Rasoí - Indian Cuisine Joplin,raso---indian-cuisine-joplin,https://www.google.com/maps/place/Raso%C3%AD+-+Indian+Cuisine+Joplin/data=!4m2!3m1!1s0x87c87dd6b824ffb7:0xb817228baae757c3,"“Delicious goat saag, yellow daal was ok, rice was ok, garlic naan was not bad.”","Truck Parking, Seating, Missouri",Medium,Near I-44 · MO,No,Yes,Yes,Google Maps,37.124307,-94.432468,(417) 768-3033,Monday: Open 24 hours | Tuesday: Open 24 hours | Wednesday: Open 24 hours | Thursday: Open 24 hours | Friday: Open 24 hours | Saturday: Open 24 hours | Sunday: Open 24 hours,"2100 S Prigmore Ave, Joplin, MO 64804, USA"
Punjabi Dabha,punjabi-dabha,https://www.google.com/maps/place/Punjabi+Dabha/data=!4m2!3m1!1s0x87c581e4ad06d8cb:0xea60ffd282ff7e24,,"Truck Parking, Missouri",Medium,Near I-44 · MO,No,Yes,Yes,Google Maps,37.331333,-93.103208,(417) 736-0017,Monday: Open 24 hours | Tuesday: Open 24 hours | Wednesday: Open 24 hours | Thursday: Open 24 hours | Friday: Open 24 hours | Saturday: Open 24 hours | Sunday: Open 24 hours,"325 E Evergreen Rd, Strafford, MO 65757, USA"
Punjabi Dhaba,punjabi-dhaba,https://www.google.com/maps/place/Punjabi+Dhaba/data=!4m2!3m1!1s0x80ea6adf271e4d87:0x270e1f4d6d0e9f50,,"Truck Parking, California",Medium,Near I-5 · CA,No,Yes,Yes,Google Maps,35.311639,-119.002172,(661) 578-9303,Monday: 10:00 AM – 8:30 PM | Tuesday: 10:00 AM – 8:30 PM | Wednesday: Closed | Thursday: 10:00 AM – 8:30 PM | Friday: 10:00 AM – 8:30 PM | Saturday: 10:00 AM – 8:30 PM | Sunday: 11:00 AM – 8:30 PM,"9450 Stockdale Hwy, Medical Plaza, 109 River Walk, Bakersfield, CA 93311, USA"
Indian Curry Naan Stop,indian-curry-naan-stop,https://www.google.com/maps/place/Indian+Curry+Naan+Stop/data=!4m2!3m1!1s0x80946f3e7bce558f:0x3dfcb6ab0e5b25cb,"“Ordered the chicken tikka masala and the saag with rotis and garlic naan plus ghur walia cha (jaggery sweetened tea), the whole lot was knockout good.”","Truck Parking, California",Medium,,No,Yes,Yes,Google Maps,36.827535,-119.902277,(559) 214-2777,Monday: 9:00 AM – 9:00 PM | Tuesday: 9:00 AM – 9:00 PM | Wednesday: 9:00 AM – 9:00 PM | Thursday: 9:00 AM – 9:00 PM | Friday: 9:00 AM – 9:00 PM | Saturday: 9:00 AM – 9:00 PM | Sunday: 9:00 AM – 9:00 PM,"32603 Ave 7, Madera, CA 93637, USA"
Aarmann indian food,aarmann-indian-food,https://www.google.com/maps/place/Aarmann+indian+food/data=!4m2!3m1!1s0x80ea47401dd4ab91:0x229d6312bd8be694,“Our favorite place to stop when we are traveling between LA and SF and craving Indian/Pakistani food or just need some chai and samosa.”,"Truck Parking, California",Medium,Near I-5 · CA,No,Yes,Yes,Google Maps,35.272932,-119.162142,(661) 573-4815,Monday: 8:30 AM – 9:00 PM | Tuesday: 8:30 AM – 9:00 PM | Wednesday: 8:30 AM – 9:00 PM | Thursday: 8:30 AM – 9:00 PM | Friday: 8:30 AM – 9:00 PM | Saturday: 9:00 AM – 9:00 PM | Sunday: 10:00 AM – 6:00 PM,"20238 Taft Hwy, Bakersfield, CA 93311, USA"
My Taste of India,my-taste-of-india,https://www.google.com/maps/place/My+Taste+of+India/data=!4m2!3m1!1s0x89c8b0a98143cdc5:0xc17ec23dbc999a8f,Low-key eatery in a gas station featuring quick-serve Indian classics such as spicy curries.,"Truck Parking, Pennsylvania",Medium,Near I-81 · PA,No,Yes,Yes,Google Maps,40.355257,-76.727584,(717) 545-6473,Monday: 8:00 AM – 10:00 PM | Tuesday: 8:00 AM – 10:00 PM | Wednesday: 8:00 AM – 10:00 PM | Thursday: 8:00 AM – 10:00 PM | Friday: 8:00 AM – 10:00 PM | Saturday: 8:00 AM – 10:00 PM | Sunday: 8:00 AM – 10:00 PM,"7800 Linglestown Rd, West Hanover Township, PA 17112, USA"
PUNJABI DHABA,punjabi-dhaba,https://www.google.com/maps/place/PUNJABI+DHABA/data=!4m2!3m1!1s0x8098e9b0b0992f65:0xed1a85e2c04c11e,"“We had vegetarian dishes—paneer tikka masala, mixed veggies, and the aloo paratha was a total win.”","Truck Parking, California",Medium,Near I-80 · NV,No,Yes,Yes,Google Maps,39.604026,-119.174937,(775) 835-6755,Monday: 7:00 AM – 9:00 PM | Tuesday: 7:00 AM – 9:00 PM | Wednesday: 7:00 AM – 9:00 PM | Thursday: 7:00 AM – 9:00 PM | Friday: 7:00 AM – 9:00 PM | Saturday: 7:00 AM – 9:00 PM | Sunday: 7:00 AM – 9:00 PM,"500 A Truck Inn Way, Fernley, NV 89408, USA"
Bombay Restaurant and Buffet,bombay-restaurant-and-buffet,https://www.google.com/maps/place/Bombay+Restaurant+and+Buffet/data=!4m2!3m1!1s0x872520ee25441067:0xfedd001dbf60da2b,Laid-back restaurant offering popular Indian dishes & an ample parking lot for trucks.,"Truck Parking, Seating, New Mexico",Medium,Near I-40 · NM,No,Yes,Yes,Google Maps,35.504149,-108.839486,(505) 488-2920,Monday: 9:00 AM – 10:00 PM | Tuesday: 7:30 AM – 10:00 PM | Wednesday: 7:30 AM – 10:00 PM | Thursday: 7:30 AM – 10:00 PM | Friday: 7:30 AM – 10:00 PM | Saturday: 7:30 AM – 10:00 PM | Sunday: 7:30 AM – 10:00 PM,"3405 W Historic Hwy 66, Gallup, NM 87301, USA"
Plateau indian cuisine,plateau-indian-cuisine,https://www.google.com/maps/place/Plateau+indian+cuisine/data=!4m2!3m1!1s0x86e591532d903311:0x228703361793cb54,,"Truck Parking, Seating, Texas",Medium,I-10 · TX,No,Yes,Yes,Google Maps,31.068915,-104.557467,(432) 207-0726,Monday: 2:00 – 10:00 PM | Tuesday: 7:30 AM – 10:00 PM | Wednesday: 7:30 AM – 10:00 PM | Thursday: 7:30 AM – 10:00 PM | Friday: 7:30 AM – 10:00 PM | Saturday: 7:30 AM – 10:00 PM | Sunday: 7:30 AM – 10:00 PM,"158821a I-10, Van Horn, TX 79855, USA"
Tiffin Indian and American Restaurant & Bar,tiffin-indian-and-american-restaurant-bar,https://www.google.com/maps/place/Tiffin+Indian+and+American+Restaurant+%26+Bar/data=!4m2!3m1!1s0x886ab2fd2ea4406f:0x7cbe9e4dbe4d6057,,"Truck Parking, Seating, Indiana",Medium,Near I-70 · IN,No,Yes,Yes,Google Maps,39.848768,-85.145723,(765) 478-6300,Monday: 8:00 AM – 12:00 AM | Tuesday: 8:00 AM – 12:00 AM | Wednesday: 8:00 AM – 12:00 AM | Thursday: 8:00 AM – 12:00 AM | Friday: 8:00 AM – 12:00 AM | Saturday: 8:00 AM – 12:00 AM | Sunday: 8:00 AM – 12:00 AM,"1480 IN-1, Cambridge City, IN 47327, USA"
Twisted Indian,twisted-indian,https://www.google.com/maps/place/Twisted+Indian/data=!4m2!3m1!1s0x86d67b041d266333:0x4792667ecb1fa35d,“My only critique is the paneer tikka masala was a little sweeter than it needed to be.”,"Truck Parking, Arizona",Medium,Near I-10 · AZ,No,Yes,Yes,Google Maps,32.134677,-110.944537,(520) 820-2121,Monday: 11:00 AM – 8:00 PM | Tuesday: 11:00 AM – 8:00 PM | Wednesday: 11:00 AM – 8:00 PM | Thursday: 11:00 AM – 9:00 PM | Friday: 11:00 AM – 9:00 PM | Saturday: 12:00 – 8:00 PM | Sunday: 12:00 – 8:00 PM,"1999 E Ajo Way, Tucson, AZ 85713, USA"
Trexler Indian Curries,trexler-indian-curries,https://www.google.com/maps/place/Trexler+Indian+Curries/data=!4m2!3m1!1s0x89c4317bb6cb2411:0xc858bb9a9c1f392,"“Many options on the menu, authentic tasting dhaba-style Indian curries, made to order fresh chapati rotis, aloo parathas are amazing too.”","Truck Parking, Virginia",Medium,Near I-78 · PA,No,Yes,Yes,Google Maps,40.583745,-75.612547,(610) 395-6000,Monday: Open 24 hours | Tuesday: Open 24 hours | Wednesday: Open 24 hours | Thursday: Open 24 hours | Friday: Open 24 hours | Saturday: Open 24 hours | Sunday: Open 24 hours,"5829 Tilghman St, Allentown, PA 18104, USA"
BRISTOL PUNJABI DHABA LLC,bristol-punjabi-dhaba-llc,https://www.google.com/maps/place/BRISTOL+PUNJABI+DHABA+LLC/data=!4m2!3m1!1s0x8850734217b96c47:0x33ee9d5ad24a530b,"“Their Samosa chat is crisp and full of channa, potatoes, dahi, tamarind and cilantro chutneys.”","Truck Parking, Kentucky",Medium,Near I-81 · VA,No,Yes,Yes,Google Maps,36.672596,-82.112306,(423) 816-2009,Monday: 8:00 AM – 8:00 PM | Tuesday: 8:00 AM – 9:00 PM | Wednesday: 8:00 AM – 9:00 PM | Thursday: 8:00 AM – 9:00 PM | Friday: 8:00 AM – 9:00 PM | Saturday: 8:00 AM – 9:00 PM | Sunday: 9:00 AM – 8:00 PM,"2220 Bonham Rd, Bristol, VA 24201, USA"
Sizzling Tandoori Hut,sizzling-tandoori-hut,https://www.google.com/maps/place/Sizzling+Tandoori+Hut/data=!4m2!3m1!1s0x54956925b9ab496d:0x45539f23151cb7f0,,"Truck Parking, Oregon",Medium,Near I-5 · OR,No,Yes,Yes,Google Maps,45.28032,-122.813942,(503) 776-9177,Monday: Open 24 hours | Tuesday: Open 24 hours | Wednesday: Open 24 hours | Thursday: Open 24 hours | Friday: Open 24 hours | Saturday: Open 24 hours | Sunday: Closed,"12271 Melinda Ln NE TRLR A, Aurora, OR 97002, USA"
Sher E Punjab Dhaba Indian Restaurant,sher-e-punjab-dhaba-indian-restaurant,https://www.google.com/maps/place/Sher+E+Punjab+Dhaba+Indian+Restaurant/data=!4m2!3m1!1s0x80a8d7c8f843b45b:0x8de9218632cce277,,"Truck Parking, Seating, California",Medium,US-93 · NV,No,Yes,Yes,Google Maps,41.124,-114.924883,(775) 752-1350,"Monday: 11:00 AM – 3:00 PM, 4:00 – 9:00 PM | Tuesday: 9:00 AM – 3:00 PM, 4:00 – 9:00 PM | Wednesday: 9:00 AM – 3:00 PM, 4:00 – 9:00 PM | Thursday: 9:00 AM – 3:00 PM, 4:00 – 9:00 PM | Friday: 9:00 AM – 3:00 PM, 4:00 – 9:00 PM | Saturday: 9:00 AM – 3:00 PM, 4:00 – 10:00 PM | Sunday: 9:00 AM – 3:00 PM, 4:00 – 9:00 PM","143 US-93, Wells, NV 89835, USA"
Dhaba Mitran Da,dhaba-mitran-da,https://www.google.com/maps/place/Dhaba+Mitran+Da/data=!4m2!3m1!1s0x864a09a5cfc8128f:0xff18e72c543e06f7,,"Truck Parking, Texas",Medium,Near I-30 · TX,No,Yes,Yes,Google Maps,33.213123,-95.095586,(903) 524-2138,Monday: 7:00 AM – 11:00 PM | Tuesday: 7:00 AM – 11:00 PM | Wednesday: 7:00 AM – 11:00 PM | Thursday: 7:00 AM – 11:00 PM | Friday: 7:00 AM – 11:00 PM | Saturday: 7:00 AM – 11:00 PM | Sunday: 7:00 AM – 11:00 PM,"105 E 7th St, Winfield, TX 75493, USA"
Punjabi dhaba,punjabi-dhaba,https://www.google.com/maps/place/Punjabi+dhaba/data=!4m2!3m1!1s0x864be50044ec533f:0xd23270c1685595d6,"“Their Aloo Paratha, Honi Paratha, and Mixed Veg Paratha are incredibly tasty — soft, perfectly stuffed, and full of authentic Punjabi flavor.”","Truck Parking, Texas",Medium,I-30 · TX,No,Yes,Yes,Google Maps,33.062138,-96.196885,(945) 324-4889,Monday: 9:00 AM – 9:00 PM | Tuesday: 9:00 AM – 9:00 PM | Wednesday: 9:00 AM – 9:00 PM | Thursday: 9:00 AM – 9:00 PM | Friday: 9:00 AM – 9:00 PM | Saturday: 9:00 AM – 9:00 PM | Sunday: 12:00 – 7:00 PM,"Inside Texaco, 2819 I-30, Caddo Mills, TX 75135, USA"
22 Da Punjabi Dhaba Exit 373,22-da-punjabi-dhaba-exit-373,https://www.google.com/maps/place/22+Da+Punjabi+Dhaba+Exit+373/data=!4m2!3m1!1s0x86519b00796e0a11:0x67d1c1a007ab8aab,"“We got the butter chicken, saag paneer, garlic naan, and mango lassis.”",Truck Parking,Medium,I-20 · TX,No,Yes,Yes,Google Maps,32.575874,-98.354929,(254) 693-0062,Monday: 8:00 AM – 10:00 PM | Tuesday: 8:00 AM – 10:00 PM | Wednesday: 8:00 AM – 10:00 PM | Thursday: 8:00 AM – 10:00 PM | Friday: 8:00 AM – 10:00 PM | Saturday: 8:00 AM – 10:00 PM | Sunday: 9:00 AM – 10:00 PM,"73485 I-20, Gordon, TX 76453, USA"
A1 Dhaba,a1-dhaba,https://www.google.com/maps/place/A1+Dhaba/data=!4m2!3m1!1s0x886bdbb9339d9a0f:0x3687e9fb74cf0628,"“If you want best experience here- start with Lahori chicken tikka for appetizer, Methi chicken curry and naan for main course.”","Truck Parking, Indiana",Medium,Near I-65 · IN,No,Yes,Yes,Google Maps,38.686926,-85.822862,(812) 413-3151,Monday: 10:30 AM – 10:00 PM | Tuesday: 10:30 AM – 10:00 PM | Wednesday: 10:30 AM – 10:00 PM | Thursday: 10:30 AM – 10:00 PM | Friday: 10:30 AM – 8:00 PM | Saturday: 10:30 AM – 9:00 PM | Sunday: 10:30 AM – 9:00 PM,"118 S Dowling St, Austin, IN 47102, USA"
Sizzling Tandoori Hut | Wasco,sizzling-tandoori-hut-wasco,https://www.google.com/maps/place/Sizzling+Tandoori+Hut+%7C+Wasco/data=!4m2!3m1!1s0x54bd8728478d7b3d:0x2a85f44a42dfeeeb,,"Truck Parking, California",Medium,Near I-84 · OR,No,Yes,Yes,Google Maps,45.671029,-120.725328,(541) 370-2126,Monday: 9:00 AM – 9:00 PM | Tuesday: 9:00 AM – 9:00 PM | Wednesday: 9:00 AM – 9:00 PM | Thursday: 9:00 AM – 9:00 PM | Friday: 9:00 AM – 9:00 PM | Saturday: 9:00 AM – 9:00 PM | Sunday: Closed,"91689 Biggs Rufus Hwy, Wasco, OR 97065, USA"
INDIAN KITCHEN (PUNJABI DHABA),indian-kitchen-punjabi-dhaba,https://www.google.com/maps/place/INDIAN+KITCHEN+(PUNJABI+DHABA)/data=!4m2!3m1!1s0x8811dd42859a7e75:0x72c86b0d5900a9bf,“Also I learned something new that the flatbread included was as another reviewer described as paneer paratha and not naan as I originally mistaken it for.”,"Truck Parking, Illinois",Medium,Near I-80 · IN,No,Yes,Yes,Google Maps,41.583936,-87.400345,(219) 699-8747,"Monday: Open 24 hours | Tuesday: Open 24 hours | Wednesday: Open 24 hours | Thursday: Open 24 hours | Friday: Open 24 hours | Saturday: Open 24 hours | Sunday: 12:00 – 2:00 AM, 11:00 AM – 10:00 PM","5480 W 25th Ave, Gary, IN 46406, USA"
Sisters Dhaba ਭੈਣਾਂ ਦਾ ਢਾਬਾ,sisters-dhaba,https://www.google.com/maps/place/Sisters+Dhaba+%E0%A8%AD%E0%A9%88%E0%A8%A3%E0%A8%BE%E0%A8%82+%E0%A8%A6%E0%A8%BE+%E0%A8%A2%E0%A8%BE%E0%A8%AC%E0%A8%BE/data=!4m2!3m1!1s0x864d8f0763d3ff1b:0x73d6a6cab1567763,,"Truck Parking, Texas",Medium,US-287 · TX,No,Yes,Yes,Google Maps,33.344241,-97.655001,(940) 427-2247,Monday: Open 24 hours | Tuesday: Open 24 hours | Wednesday: Open 24 hours | Thursday: Open 24 hours | Friday: Open 24 hours | Saturday: 1:00 AM – 11:00 PM | Sunday: 6:00 AM – 12:00 AM,"5985 US-287, Alvord, TX 76225, USA"
Punjab Dhaba,punjab-dhaba,https://www.google.com/maps/place/Punjab+Dhaba/data=!4m2!3m1!1s0x89cc21ee53edd737:0x235330669ea887c,"“Chai, mango lassi, and samosas all hit with the flavors of Indian food right from India.”","Truck Parking, New York",Medium,Near I-80 · PA,No,Yes,Yes,Google Maps,40.986824,-78.005678,(814) 387-4300,Monday: 7:30 AM – 12:00 AM | Tuesday: 7:30 AM – 12:00 AM | Wednesday: 7:30 AM – 12:00 AM | Thursday: 7:30 AM – 12:00 AM | Friday: 7:30 AM – 12:00 AM | Saturday: Closed | Sunday: 7:30 AM – 12:00 AM,"529 E Sycamore Rd, Snow Shoe, PA 16874, USA"
Desi Dhaba,desi-dhaba,https://www.google.com/maps/place/Desi+Dhaba/data=!4m2!3m1!1s0x863ed93ac7902fc9:0xbdece0b8008c6b2c,,"Truck Parking, Texas",Medium,I-10 · TX,No,Yes,Yes,Google Maps,29.823365,-94.345483,(713) 340-9040,Monday: Closed | Tuesday: 11:00 AM – 9:00 PM | Wednesday: 11:00 AM – 9:00 PM | Thursday: 11:00 AM – 9:00 PM | Friday: 11:00 AM – 11:00 PM | Saturday: 11:00 AM – 11:00 PM | Sunday: 11:00 AM – 10:00 PM,"45785 I-10, Winnie, TX 77665, USA"
Vega Indian Restaurant,vega-indian-restaurant,https://www.google.com/maps/place/Vega+Indian+Restaurant/data=!4m2!3m1!1s0x8703f500472b24cf:0x638602af255e803b,This casual Indian option offers a casual dining room as well as work lunch plans & catering.,"Truck Parking, Seating, Texas",Medium,I-40 · TX,No,Yes,Yes,Google Maps,35.233995,-102.394008,(806) 267-2325,Monday: Open 24 hours | Tuesday: Open 24 hours | Wednesday: Open 24 hours | Thursday: Open 24 hours | Friday: Open 24 hours | Saturday: Open 24 hours | Sunday: Open 24 hours,"3650 I-40 Service Rd, Vega, TX 79092, USA"
Taste of India,taste-of-india,https://www.google.com/maps/place/Taste+of+India/data=!4m2!3m1!1s0x80ea53226a2b91d5:0xb2d80d3e3e9da2fc,"“I had the eggplant curry, vegetable samosas & garlic naan.”","Truck Parking, California",Medium,Near I-5 · CA,No,Yes,Yes,Google Maps,35.399237,-119.395998,(559) 860-9243,Monday: 10:00 AM – 11:00 PM | Tuesday: 10:00 AM – 11:00 PM | Wednesday: 10:00 AM – 11:00 PM | Thursday: 10:00 AM – 11:00 PM | Friday: 10:00 AM – 11:00 PM | Saturday: 10:00 AM – 11:00 PM | Sunday: 10:00 AM – 11:00 PM,"20687 Tracy Ave, Buttonwillow, CA 93206, USA"
The Indian Oven,the-indian-oven,https://www.google.com/maps/place/The+Indian+Oven/data=!4m2!3m1!1s0x80ea6cf91c2fb0a3:0xce3f43412433dbba,"“Love the parathas and white butter, the amritsari kulcha thali was delicious!”","Truck Parking, California",Medium,Near I-5 · CA,No,Yes,Yes,Google Maps,35.356257,-118.913961,(661) 363-0704,,"203 Weedpatch Hwy, Bakersfield, CA 93307, USA"
Taste of India,taste-of-india,https://www.google.com/maps/place/Taste+of+India/data=!4m2!3m1!1s0x809185b0f3f2ae81:0xf5794fec53a0dc1f,,"Truck Parking, California",Medium,Near I-5 · CA,No,Yes,Yes,Google Maps,37.054307,-121.043273,(209) 895-0213,Monday: 8:00 AM – 9:00 PM | Tuesday: 8:00 AM – 9:00 PM | Wednesday: 8:00 AM – 9:00 PM | Thursday: 8:00 AM – 9:00 PM | Friday: 8:00 AM – 9:00 PM | Saturday: 8:00 AM – 8:00 PM | Sunday: 8:00 AM – 8:00 PM,"13289 CA-33, Santa Nella, CA 95322, USA"
Valley Fuel Travel Plaza,valley-fuel-travel-plaza,https://www.google.com/maps/place/Valley+Fuel+Travel+Plaza/data=!4m2!3m1!1s0x8094d996e755447d:0xb417d8c7ebb7e379,,"Truck Parking, Gas, Showers, California",Medium,,Yes,Yes,Yes,Google Maps,36.310904,-119.491914,(559) 651-0009,Monday: Open 24 hours | Tuesday: Open 24 hours | Wednesday: Open 24 hours | Thursday: Open 24 hours | Friday: Open 24 hours | Saturday: Open 24 hours | Sunday: Open 24 hours,"6603 Betty Dr, Visalia, CA 93291, USA"
